src/components/editors/CustomBlockPackageEditor.vue(18,42): error TS2339: Property 'customBlockKey' does not exist on type '{ type: "opencard-custom-block"; packageId: string; version: string; name: string; description?: string | undefined; publicFieldKeys: readonly string[]; resize: { widthLocked: boolean; heightLocked: boolean; }; }'.
src/components/editors/CustomBlockPackageEditor.vue(124,69): error TS2339: Property 'customBlockKey' does not exist on type '{ type: "opencard-custom-block"; packageId: string; version: string; name: string; description?: string | undefined; publicFieldKeys: readonly string[]; resize: { widthLocked: boolean; heightLocked: boolean; }; }'.
src/components/editors/ProjectCustomBlockRegistryEditor.vue(88,3): error TS2305: Module '"../../features/workspace/model/projectCustomBlocks"' has no exported member 'parseProjectCustomBlockRegistryText'.
src/components/editors/ProjectCustomBlockRegistryEditor.vue(89,3): error TS2724: '"../../features/workspace/model/projectCustomBlocks"' has no exported member named 'serializeProjectCustomBlockRegistry'. Did you mean 'serializeProjectCustomBlockManifest'?
src/components/editors/ProjectCustomBlockRegistryEditor.vue(90,8): error TS2305: Module '"../../features/workspace/model/projectCustomBlocks"' has no exported member 'ProjectCustomBlockRegistryDocument'.
src/components/editors/useCustomBlockPreview.spec.ts(8,3): error TS2305: Module '"../../features/workspace/model/projectCustomBlocks"' has no exported member 'ProjectCustomBlockRegistryDocument'.
src/components/editors/useCustomBlockPreview.spec.ts(27,7): error TS2353: Object literal may only specify known properties, and 'customBlockKey' does not exist in type 'ProjectCustomBlockManifest'.
src/components/editors/useCustomBlockPreview.spec.ts(40,20): error TS2339: Property 'archivePath' does not exist on type 'ProjectCustomBlockCatalogEntry'.
src/components/editors/useCustomBlockPreview.spec.ts(40,40): error TS2339: Property 'archivePath' does not exist on type 'ProjectCustomBlockCatalogEntry'.
src/components/editors/useCustomBlockPreview.spec.ts(48,5): error TS2322: Type 'Map<string, ProjectCustomBlockCatalogEntry>' is not assignable to type 'ReadonlyMap<string, CustomBlockRuntimeEntry>'.
  Types of property 'forEach' are incompatible.
    Type '(callbackfn: (value: ProjectCustomBlockCatalogEntry, key: string, map: Map<string, ProjectCustomBlockCatalogEntry>) => void, thisArg?: any) => void' is not assignable to type '(callbackfn: (value: CustomBlockRuntimeEntry, key: string, map: ReadonlyMap<string, CustomBlockRuntimeEntry>) => void, thisArg?: any) => void'.
      Types of parameters 'callbackfn' and 'callbackfn' are incompatible.
        Types of parameters 'value' and 'value' are incompatible.
          Type 'ProjectCustomBlockCatalogEntry' is missing the following properties from type 'CustomBlockRuntimeEntry': environment, dependencies
src/components/editors/useCustomBlockPreview.spec.ts(52,62): error TS2339: Property 'archivePath' does not exist on type 'ProjectCustomBlockCatalogEntry'.
src/components/editors/useCustomBlockPreview.spec.ts(53,65): error TS2339: Property 'archivePath' does not exist on type 'ProjectCustomBlockCatalogEntry'.
src/components/editors/useCustomBlockPreview.spec.ts(58,5): error TS2322: Type 'Ref<Map<string, { manifest: { type: "opencard-custom-block"; packageId: string; version: string; name: string; description?: string | undefined; publicFieldKeys: readonly string[]; resize: { widthLocked: boolean; heightLocked: boolean; }; }; archivePath: any; loadState: "ready"; }> & Omit<...>, Map<...> | (Map<...> ...' is not assignable to type 'Readonly<Ref<ReadonlyMap<string, { readonly manifest: { readonly type: "opencard-custom-block"; readonly packageId: string; readonly version: string; readonly name: string; readonly description?: string | undefined; readonly publicFieldKeys: readonly string[]; readonly resize: { ...; }; }; ... 4 more ...; readonly u...'.
  The types of 'value.forEach' are incompatible between these types.
    Type '(callbackfn: (value: { manifest: { type: "opencard-custom-block"; packageId: string; version: string; name: string; description?: string | undefined; publicFieldKeys: readonly string[]; resize: { widthLocked: boolean; heightLocked: boolean; }; }; archivePath: any; loadState: "ready"; }, key: string, map: Map<...>) =...' is not assignable to type '(callbackfn: (value: { readonly manifest: { readonly type: "opencard-custom-block"; readonly packageId: string; readonly version: string; readonly name: string; readonly description?: string | undefined; readonly publicFieldKeys: readonly string[]; readonly resize: { ...; }; }; ... 4 more ...; readonly unavailable?:...'.
      Types of parameters 'callbackfn' and 'callbackfn' are incompatible.
        Types of parameters 'value' and 'value' are incompatible.
          Type '{ manifest: { type: "opencard-custom-block"; packageId: string; version: string; name: string; description?: string | undefined; publicFieldKeys: readonly string[]; resize: { widthLocked: boolean; heightLocked: boolean; }; }; archivePath: any; loadState: "ready"; }' is missing the following properties from type '{ readonly manifest: { readonly type: "opencard-custom-block"; readonly packageId: string; readonly version: string; readonly name: string; readonly description?: string | undefined; readonly publicFieldKeys: readonly string[]; readonly resize: { ...; }; }; ... 4 more ...; readonly unavailable?: boolean | undefined; }': installationPath, resourceRootPath
src/components/editors/useCustomBlockPreview.spec.ts(118,20): error TS2339: Property 'resources' does not exist on type 'ProjectCustomBlockManifest'.
src/components/editors/useCustomBlockPreview.spec.ts(121,7): error TS2322: Type 'Map<string, { resourceUrls: Map<string, string>; manifest: ProjectCustomBlockManifest; block: CardBlock; installationPath: string; resourceRootPath: string; issues?: readonly ProjectCustomBlockPackageIssue[] | undefined; hasResourceErrors?: boolean | undefined; }>' is not assignable to type 'CustomBlockRuntimeCatalog | { forEach: (callbackfn: (value: CustomBlockRuntimeEntry, key: string, map: ReadonlyMap<string, CustomBlockRuntimeEntry>) => void, thisArg?: any) => void; ... 6 more ...; [Symbol.iterator]: () => MapIterator<...>; } | undefined'.
  Type 'Map<string, { resourceUrls: Map<string, string>; manifest: ProjectCustomBlockManifest; block: CardBlock; installationPath: string; resourceRootPath: string; issues?: readonly ProjectCustomBlockPackageIssue[] | undefined; hasResourceErrors?: boolean | undefined; }>' is not assignable to type '{ forEach: (callbackfn: (value: CustomBlockRuntimeEntry, key: string, map: ReadonlyMap<string, CustomBlockRuntimeEntry>) => void, thisArg?: any) => void; ... 6 more ...; [Symbol.iterator]: () => MapIterator<...>; }'.
    Types of property 'forEach' are incompatible.
      Type '(callbackfn: (value: { resourceUrls: Map<string, string>; manifest: ProjectCustomBlockManifest; block: CardBlock; installationPath: string; resourceRootPath: string; issues?: readonly ProjectCustomBlockPackageIssue[] | undefined; hasResourceErrors?: boolean | undefined; }, key: string, map: Map<...>) => void, thisAr...' is not assignable to type '(callbackfn: (value: CustomBlockRuntimeEntry, key: string, map: ReadonlyMap<string, CustomBlockRuntimeEntry>) => void, thisArg?: any) => void'.
        Types of parameters 'callbackfn' and 'callbackfn' are incompatible.
          Types of parameters 'value' and 'value' are incompatible.
            Type '{ resourceUrls: Map<string, string>; manifest: ProjectCustomBlockManifest; block: CardBlock; installationPath: string; resourceRootPath: string; issues?: readonly ProjectCustomBlockPackageIssue[] | undefined; hasResourceErrors?: boolean | undefined; }' is missing the following properties from type 'CustomBlockRuntimeEntry': environment, dependencies
src/components/editors/useCustomBlockPreview.spec.ts(144,40): error TS2339: Property 'archivePath' does not exist on type 'ProjectCustomBlockCatalogEntry'.
src/components/editors/useCustomBlockPreview.spec.ts(146,52): error TS2339: Property 'archivePath' does not exist on type 'ProjectCustomBlockCatalogEntry'.
src/components/editors/useCustomBlockPreview.ts(20,3): error TS2305: Module '"../../features/workspace/model/projectCustomBlocks"' has no exported member 'ProjectCustomBlockRegistryDocument'.
src/components/editors/useCustomBlockPreview.ts(100,48): error TS2339: Property 'customBlockKey' does not exist on type '{ readonly type: "opencard-custom-block"; readonly packageId: string; readonly version: string; readonly name: string; readonly description?: string | undefined; readonly publicFieldKeys: readonly string[]; readonly resize: { ...; }; }'.
src/components/editors/useCustomBlockPreview.ts(120,27): error TS2339: Property 'archivePath' does not exist on type '{ readonly manifest: { readonly type: "opencard-custom-block"; readonly packageId: string; readonly version: string; readonly name: string; readonly description?: string | undefined; readonly publicFieldKeys: readonly string[]; readonly resize: { ...; }; }; ... 4 more ...; readonly hasResourceErrors?: boolean | unde...'.
src/components/editors/useCustomBlockPreview.ts(123,55): error TS7006: Parameter 'path' implicitly has an 'any' type.
src/components/editors/useCustomBlockPreview.ts(132,36): error TS2339: Property 'archivePath' does not exist on type '{ readonly manifest: { readonly type: "opencard-custom-block"; readonly packageId: string; readonly version: string; readonly name: string; readonly description?: string | undefined; readonly publicFieldKeys: readonly string[]; readonly resize: { ...; }; }; ... 4 more ...; readonly unavailable?: boolean | undefined; }'.
src/components/editors/useCustomBlockPreview.ts(134,67): error TS2339: Property 'customBlockKey' does not exist on type '{ readonly type: "opencard-custom-block"; readonly packageId: string; readonly version: string; readonly name: string; readonly description?: string | undefined; readonly publicFieldKeys: readonly string[]; readonly resize: { ...; }; }'.
src/features/card-designer/CardDesignEditor.vue(444,36): error TS2305: Module '"../workspace/services/exportProjectCustomBlock"' has no exported member 'fetchProjectCustomBlockImageBytes'.
src/features/card-designer/CardDesignEditor.vue(445,10): error TS2724: '"../workspace/services/projectCustomBlockResources"' has no exported member named 'collectProjectCustomBlockResources'. Did you mean 'analyzeProjectCustomBlockResources'?
src/features/card-designer/CardDesignEditor.vue(447,47): error TS2305: Module '"../workspace/model/projectCustomBlocks"' has no exported member 'ProjectCustomBlockResourceIndex'.
src/features/card-designer/CardDesignEditor.vue(1371,59): error TS2339: Property 'customBlockKey' does not exist on type 'CustomBlock'.
src/features/card-designer/CardDesignEditor.vue(1727,7): error TS2353: Object literal may only specify known properties, and 'customBlockCatalog' does not exist in type '{ document: CardDocument; rootBlockId: string; environment?: Pick<ResolveReferencesOptions, "project" | "dictionary"> | undefined; }'.
src/features/card-designer/CardDesignEditor.vue(1729,56): error TS2339: Property 'expansionIssues' does not exist on type 'MaterializeProjectCustomBlockExportResult'.
src/features/card-designer/CardDesignEditor.vue(1737,36): error TS2339: Property 'resourceOwners' does not exist on type 'MaterializeProjectCustomBlockExportResult'.
src/features/card-designer/CardDesignEditor.vue(1740,19): error TS7006: Parameter 'url' implicitly has an 'any' type.
src/features/card-designer/CardDesignEditor.vue(1853,7): error TS2353: Object literal may only specify known properties, and 'key' does not exist in type '{ document: CardDocument; rootBlockId: string; name: string; publisherKey: string; blockKey: string; version?: string | undefined; exposedFieldKeys: readonly string[]; resize: ProjectCustomBlockResizePolicy; ... 7 more ...; fs: CustomBlockExportFileSystem; }'.
src/features/card-designer/CardDesignEditor.vue(1868,11): error TS2367: This comparison appears to be unintentional because the types '"binding"' and '"expansion"' have no overlap.
src/features/card-designer/CardDesignEditor.vue(2304,21): error TS2339: Property 'customBlockKey' does not exist on type 'CustomBlock'.
src/features/card-designer/CardDesignEditor.vue(2387,23): error TS2339: Property 'customBlockKey' does not exist on type 'CustomBlock'.
src/features/card-designer/cardDesignerIssues.spec.ts(53,3): error TS2741: Property 'resourceScopes' is missing in type '{ document: never; issues: { id: string; type: "card-designer.render-parse.out-of-range"; severity: "warning"; parameters: { defaultValue: string; }; location: { documentId: string; instanceId: string; ... 4 more ...; fieldKey: string; }; }[]; }' but required in type 'RenderPipelineResult'.
src/features/card-designer/useCdeDataTableCommands.spec.ts(245,21): error TS2769: No overload matches this call.
  The last overload gave the following error.
    Object literal may only specify known properties, and 'customBlockKey' does not exist in type 'CustomBlockInit'.
src/features/card-designer/useCdeDataTableCommands.spec.ts(250,5): error TS2322: Type 'Map<string, { manifest: { type: "opencard-custom-block"; customBlockKey: string; name: string; publicFieldKeys: string[]; resize: { widthLocked: false; heightLocked: false; }; }; block: TextBlock; archivePath: string; files: Map<...>; }>' is not assignable to type 'ProjectCustomBlockCatalog | { forEach: (callbackfn: (value: ProjectCustomBlockCatalogEntry, key: string, map: ReadonlyMap<string, ProjectCustomBlockCatalogEntry>) => void, thisArg?: any) => void; ... 6 more ...; [Symbol.iterator]: () => MapIterator<...>; }'.
  Type 'Map<string, { manifest: { type: "opencard-custom-block"; customBlockKey: string; name: string; publicFieldKeys: string[]; resize: { widthLocked: false; heightLocked: false; }; }; block: TextBlock; archivePath: string; files: Map<...>; }>' is not assignable to type '{ forEach: (callbackfn: (value: ProjectCustomBlockCatalogEntry, key: string, map: ReadonlyMap<string, ProjectCustomBlockCatalogEntry>) => void, thisArg?: any) => void; ... 6 more ...; [Symbol.iterator]: () => MapIterator<...>; }'.
    Types of property 'forEach' are incompatible.
      Type '(callbackfn: (value: { manifest: { type: "opencard-custom-block"; customBlockKey: string; name: string; publicFieldKeys: string[]; resize: { widthLocked: false; heightLocked: false; }; }; block: TextBlock; archivePath: string; files: Map<...>; }, key: string, map: Map<...>) => void, thisArg?: any) => void' is not assignable to type '(callbackfn: (value: ProjectCustomBlockCatalogEntry, key: string, map: ReadonlyMap<string, ProjectCustomBlockCatalogEntry>) => void, thisArg?: any) => void'.
        Types of parameters 'callbackfn' and 'callbackfn' are incompatible.
          Types of parameters 'value' and 'value' are incompatible.
            Type '{ manifest: { type: "opencard-custom-block"; customBlockKey: string; name: string; publicFieldKeys: string[]; resize: { widthLocked: false; heightLocked: false; }; }; block: TextBlock; archivePath: string; files: Map<...>; }' is missing the following properties from type 'ProjectCustomBlockCatalogEntry': installationPath, resourceRootPath
src/features/card-designer/useCdeDataTableCommands.spec.ts(264,38): error TS2339: Property 'id' does not exist on type 'never'.
  The intersection 'BaseBlock & { content: string; fontSize?: string | undefined; fontFamily?: string | undefined; fontWeight?: TextFontWeight | undefined; color?: string | undefined; textAlign?: AlignmentPosition | undefined; verticalAlign?: VerticalAlignmentPosition | undefined; lineHeight?: string | undefined; writingMode?: TextWrit...' was reduced to 'never' because property 'type' has conflicting types in some constituents.
src/features/card-designer/useCdeDataTableCommands.spec.ts(265,38): error TS2339: Property 'id' does not exist on type 'never'.
  The intersection 'BaseBlock & { content: string; fontSize?: string | undefined; fontFamily?: string | undefined; fontWeight?: TextFontWeight | undefined; color?: string | undefined; textAlign?: AlignmentPosition | undefined; verticalAlign?: VerticalAlignmentPosition | undefined; lineHeight?: string | undefined; writingMode?: TextWrit...' was reduced to 'never' because property 'type' has conflicting types in some constituents.
src/features/card-designer/useCdeDataTableCommands.spec.ts(266,72): error TS2339: Property 'id' does not exist on type 'never'.
  The intersection 'BaseBlock & { content: string; fontSize?: string | undefined; fontFamily?: string | undefined; fontWeight?: TextFontWeight | undefined; color?: string | undefined; textAlign?: AlignmentPosition | undefined; verticalAlign?: VerticalAlignmentPosition | undefined; lineHeight?: string | undefined; writingMode?: TextWrit...' was reduced to 'never' because property 'type' has conflicting types in some constituents.
src/features/card-designer/useCdeDataTableCommands.spec.ts(267,72): error TS2339: Property 'id' does not exist on type 'never'.
  The intersection 'BaseBlock & { content: string; fontSize?: string | undefined; fontFamily?: string | undefined; fontWeight?: TextFontWeight | undefined; color?: string | undefined; textAlign?: AlignmentPosition | undefined; verticalAlign?: VerticalAlignmentPosition | undefined; lineHeight?: string | undefined; writingMode?: TextWrit...' was reduced to 'never' because property 'type' has conflicting types in some constituents.
src/features/card-designer/useCdeDataTableCommands.spec.ts(269,48): error TS2339: Property 'id' does not exist on type 'never'.
  The intersection 'BaseBlock & { content: string; fontSize?: string | undefined; fontFamily?: string | undefined; fontWeight?: TextFontWeight | undefined; color?: string | undefined; textAlign?: AlignmentPosition | undefined; verticalAlign?: VerticalAlignmentPosition | undefined; lineHeight?: string | undefined; writingMode?: TextWrit...' was reduced to 'never' because property 'type' has conflicting types in some constituents.
src/features/card-designer/useCdeDataTableCommands.spec.ts(270,37): error TS2339: Property 'id' does not exist on type 'never'.
  The intersection 'BaseBlock & { content: string; fontSize?: string | undefined; fontFamily?: string | undefined; fontWeight?: TextFontWeight | undefined; color?: string | undefined; textAlign?: AlignmentPosition | undefined; verticalAlign?: VerticalAlignmentPosition | undefined; lineHeight?: string | undefined; writingMode?: TextWrit...' was reduced to 'never' because property 'type' has conflicting types in some constituents.
src/features/card-designer/useCdeDataTableCommands.ts(312,29): error TS2339: Property 'customBlockKey' does not exist on type 'CustomBlock'.
src/features/card-designer/useCdeDataTableModel.spec.ts(137,21): error TS2769: No overload matches this call.
  The last overload gave the following error.
    Object literal may only specify known properties, and 'customBlockKey' does not exist in type 'CustomBlockInit'.
src/features/card-designer/useCdeDataTableModel.spec.ts(143,5): error TS2322: Type 'Map<string, { manifest: { type: "opencard-custom-block"; customBlockKey: string; name: string; publicFieldKeys: string[]; resize: { widthLocked: false; heightLocked: false; }; }; block: TextBlock; archivePath: string; files: Map<...>; }>' is not assignable to type 'ProjectCustomBlockCatalog | { forEach: (callbackfn: (value: ProjectCustomBlockCatalogEntry, key: string, map: ReadonlyMap<string, ProjectCustomBlockCatalogEntry>) => void, thisArg?: any) => void; ... 6 more ...; [Symbol.iterator]: () => MapIterator<...>; }'.
  Type 'Map<string, { manifest: { type: "opencard-custom-block"; customBlockKey: string; name: string; publicFieldKeys: string[]; resize: { widthLocked: false; heightLocked: false; }; }; block: TextBlock; archivePath: string; files: Map<...>; }>' is not assignable to type '{ forEach: (callbackfn: (value: ProjectCustomBlockCatalogEntry, key: string, map: ReadonlyMap<string, ProjectCustomBlockCatalogEntry>) => void, thisArg?: any) => void; ... 6 more ...; [Symbol.iterator]: () => MapIterator<...>; }'.
    Types of property 'forEach' are incompatible.
      Type '(callbackfn: (value: { manifest: { type: "opencard-custom-block"; customBlockKey: string; name: string; publicFieldKeys: string[]; resize: { widthLocked: false; heightLocked: false; }; }; block: TextBlock; archivePath: string; files: Map<...>; }, key: string, map: Map<...>) => void, thisArg?: any) => void' is not assignable to type '(callbackfn: (value: ProjectCustomBlockCatalogEntry, key: string, map: ReadonlyMap<string, ProjectCustomBlockCatalogEntry>) => void, thisArg?: any) => void'.
        Types of parameters 'callbackfn' and 'callbackfn' are incompatible.
          Types of parameters 'value' and 'value' are incompatible.
            Type '{ manifest: { type: "opencard-custom-block"; customBlockKey: string; name: string; publicFieldKeys: string[]; resize: { widthLocked: false; heightLocked: false; }; }; block: TextBlock; archivePath: string; files: Map<...>; }' is missing the following properties from type 'ProjectCustomBlockCatalogEntry': installationPath, resourceRootPath
src/features/card-designer/useCdeDataTableModel.spec.ts(158,103): error TS2339: Property 'id' does not exist on type 'never'.
  The intersection 'BaseBlock & { content: string; fontSize?: string | undefined; fontFamily?: string | undefined; fontWeight?: TextFontWeight | undefined; color?: string | undefined; textAlign?: AlignmentPosition | undefined; verticalAlign?: VerticalAlignmentPosition | undefined; lineHeight?: string | undefined; writingMode?: TextWrit...' was reduced to 'never' because property 'type' has conflicting types in some constituents.
src/features/card-designer/useCdeDataTableModel.ts(177,53): error TS2339: Property 'customBlockKey' does not exist on type 'CustomBlock'.
src/features/card-designer/useCdeLayerViewInteraction.spec.ts(19,53): error TS2345: Argument of type '{ nudgeSelection: Mock<() => boolean>; stepLayer: Mock<Procedure>; focusLayerBlock: Mock<Procedure>; getFocusedLayerBlockId: Mock<() => string | null>; cycleLayerByInitial: Mock<...>; }' is not assignable to parameter of type 'CdeLayerViewPort'.
  Property 'runSelectionQuickAction' is missing in type '{ nudgeSelection: Mock<() => boolean>; stepLayer: Mock<Procedure>; focusLayerBlock: Mock<Procedure>; getFocusedLayerBlockId: Mock<() => string | null>; cycleLayerByInitial: Mock<...>; }' but required in type 'CdeLayerViewPort'.
src/features/card-designer/useCdeLayerViewInteraction.spec.ts(125,7): error TS2339: Property 'runSelectionQuickAction' does not exist on type '{ changeZIndex: Mock<() => boolean>; cycleLayerByInitial: Mock<() => boolean>; focusLayerBlock: Mock<Procedure>; getFocusedLayerBlockId: Mock<() => string | null>; ... 6 more ...; wrapper: VueWrapper<...>; }'.
src/features/card-designer/useCdeLayerViewInteraction.spec.ts(125,7): error TS6133: 'runSelectionQuickAction' is declared but its value is never read.
src/features/card-designer/useCdePropertyPanelState.ts(184,63): error TS2339: Property 'customBlockKey' does not exist on type 'CustomBlock'.
src/features/card-designer/useCdePropertyPanelState.ts(195,66): error TS2339: Property 'customBlockKey' does not exist on type 'CustomBlock'.
src/features/card-designer/useCdePropertyPanelState.ts(224,65): error TS2339: Property 'customBlockKey' does not exist on type 'CustomBlock'.
src/features/card-designer/useCdeTreeOps.spec.ts(50,57): error TS2353: Object literal may only specify known properties, and 'customBlockKey' does not exist in type 'CustomBlockInit'.
src/features/card-designer/useCdeTreeOps.spec.ts(252,53): error TS2353: Object literal may only specify known properties, and 'customBlockKey' does not exist in type 'CustomBlockInit'.
src/features/card-rendering/cardRenderResources.spec.ts(2,64): error TS2305: Module '"./cardRenderResources"' has no exported member 'resolveCustomBlockAssetSrc'.
src/features/card-rendering/cardRenderResources.spec.ts(15,7): error TS2322: Type 'Map<string, { manifest: { customBlockKey: string; publicFieldKeys: never[]; resize: { widthLocked: false; heightLocked: false; }; resources: { images: { key: string; source: string; }[]; }; }; block: {}; resourceUrls: Map<...>; }>' is not assignable to type 'ReadonlyMap<string, CustomBlockRuntimeEntry>'.
  Types of property 'forEach' are incompatible.
    Type '(callbackfn: (value: { manifest: { customBlockKey: string; publicFieldKeys: never[]; resize: { widthLocked: false; heightLocked: false; }; resources: { images: { key: string; source: string; }[]; }; }; block: {}; resourceUrls: Map<...>; }, key: string, map: Map<...>) => void, thisArg?: any) => void' is not assignable to type '(callbackfn: (value: CustomBlockRuntimeEntry, key: string, map: ReadonlyMap<string, CustomBlockRuntimeEntry>) => void, thisArg?: any) => void'.
      Types of parameters 'callbackfn' and 'callbackfn' are incompatible.
        Types of parameters 'value' and 'value' are incompatible.
          Type '{ manifest: { customBlockKey: string; publicFieldKeys: never[]; resize: { widthLocked: false; heightLocked: false; }; resources: { images: { key: string; source: string; }[]; }; }; block: {}; resourceUrls: Map<...>; }' is missing the following properties from type 'CustomBlockRuntimeEntry': environment, dependencies
src/features/card-rendering/components/CardFaceRenderer.spec.ts(25,7): error TS2322: Type 'Map<string, { manifest: { customBlockKey: string; publicFieldKeys: never[]; resize: { widthLocked: false; heightLocked: false; }; resources: { images: { key: string; source: string; }[]; }; }; block: {}; resourceUrls: Map<...>; }>' is not assignable to type 'ReadonlyMap<string, CustomBlockRuntimeEntry>'.
  Types of property 'forEach' are incompatible.
    Type '(callbackfn: (value: { manifest: { customBlockKey: string; publicFieldKeys: never[]; resize: { widthLocked: false; heightLocked: false; }; resources: { images: { key: string; source: string; }[]; }; }; block: {}; resourceUrls: Map<...>; }, key: string, map: Map<...>) => void, thisArg?: any) => void' is not assignable to type '(callbackfn: (value: CustomBlockRuntimeEntry, key: string, map: ReadonlyMap<string, CustomBlockRuntimeEntry>) => void, thisArg?: any) => void'.
      Types of parameters 'callbackfn' and 'callbackfn' are incompatible.
        Types of parameters 'value' and 'value' are incompatible.
          Type '{ manifest: { customBlockKey: string; publicFieldKeys: never[]; resize: { widthLocked: false; heightLocked: false; }; resources: { images: { key: string; source: string; }[]; }; }; block: {}; resourceUrls: Map<...>; }' is missing the following properties from type 'CustomBlockRuntimeEntry': environment, dependencies
src/features/card-rendering/components/CustomBlockRenderer.spec.ts(23,16): error TS2322: Type '{ type: "custom-block"; customBlockKey: string; content: RenderReadyShapeBlock; id: string; name: string; notes: string; visible: boolean; width: string; height: string; ... 22 more ...; strokeMiterLimit: number; }' is not assignable to type 'RenderReadyCustomBlock'.
  Property 'packageId' is missing in type '{ type: "custom-block"; customBlockKey: string; content: RenderReadyShapeBlock; id: string; name: string; notes: string; visible: boolean; width: string; height: string; ... 22 more ...; strokeMiterLimit: number; }' but required in type '{ type: "custom-block"; packageId: string; content: RenderReadyCardBlock | null; }'.
src/features/card-rendering/components/TextBlockRenderer.spec.ts(182,11): error TS2322: Type 'Map<string, { document: RichTextDocument; embeddedBlocks: Map<string, { type: "custom-block"; customBlockKey: string; content: RenderReadyTextBlock; ... 27 more ...; writingMode: TextWritingMode; }>; diagnostics: never[]; valid: true; }>' is not assignable to type 'PreparedRichTextCatalog'.
  Types of property 'forEach' are incompatible.
    Type '(callbackfn: (value: { document: RichTextDocument; embeddedBlocks: Map<string, { type: "custom-block"; customBlockKey: string; content: RenderReadyTextBlock; ... 27 more ...; writingMode: TextWritingMode; }>; diagnostics: never[]; valid: true; }, key: string, map: Map<...>) => void, thisArg?: any) => void' is not assignable to type '(callbackfn: (value: PreparedRichText, key: string, map: ReadonlyMap<string, PreparedRichText>) => void, thisArg?: any) => void'.
      Types of parameters 'callbackfn' and 'callbackfn' are incompatible.
        Types of parameters 'value' and 'value' are incompatible.
          Type '{ document: RichTextDocument; embeddedBlocks: Map<string, { type: "custom-block"; customBlockKey: string; content: RenderReadyTextBlock; id: string; ... 26 more ...; writingMode: TextWritingMode; }>; diagnostics: never[]; valid: true; }' is not assignable to type 'PreparedRichText'.
            The types of 'embeddedBlocks.forEach' are incompatible between these types.
              Type '(callbackfn: (value: { type: "custom-block"; customBlockKey: string; content: RenderReadyTextBlock; id: string; name: string; notes: string; visible: boolean; width: string; height: string; ... 21 more ...; writingMode: TextWritingMode; }, key: string, map: Map<...>) => void, thisArg?: any) => void' is not assignable to type '(callbackfn: (value: { readonly id: string; readonly name: string; readonly notes: string; readonly visible: boolean; readonly width: string; readonly height: string; readonly borderColor: string; readonly borderWidth: number; ... 14 more ...; readonly content: ... | ... 7 more ... | null; }, key: string, map: Reado...'.
                Types of parameters 'callbackfn' and 'callbackfn' are incompatible.
                  Types of parameters 'value' and 'value' are incompatible.
                    Property 'packageId' is missing in type '{ type: "custom-block"; customBlockKey: string; content: RenderReadyTextBlock; id: string; name: string; notes: string; visible: boolean; width: string; height: string; ... 21 more ...; writingMode: TextWritingMode; }' but required in type '{ readonly id: string; readonly name: string; readonly notes: string; readonly visible: boolean; readonly width: string; readonly height: string; readonly borderColor: string; readonly borderWidth: number; ... 14 more ...; readonly content: ... | ... 7 more ... | null; }'.
src/features/card-rendering/expandCustomBlocks.spec.ts(22,62): error TS2769: No overload matches this call.
  The last overload gave the following error.
    Object literal may only specify known properties, and 'customBlockKey' does not exist in type 'CustomBlockInit'.
src/features/card-rendering/expandCustomBlocks.spec.ts(23,64): error TS2769: No overload matches this call.
  The last overload gave the following error.
    Object literal may only specify known properties, and 'customBlockKey' does not exist in type 'CustomBlockInit'.
src/features/card-rendering/expandCustomBlocks.spec.ts(34,49): error TS2345: Argument of type 'Map<string, { manifest: { customBlockKey: string; publicFieldKeys: never[]; resize: { widthLocked: false; heightLocked: false; }; }; block: SimpleContainerBlock; }>' is not assignable to parameter of type 'ReadonlyMap<string, CustomBlockRuntimeEntry>'.
  Types of property 'forEach' are incompatible.
    Type '(callbackfn: (value: { manifest: { customBlockKey: string; publicFieldKeys: never[]; resize: { widthLocked: false; heightLocked: false; }; }; block: SimpleContainerBlock; }, key: string, map: Map<...>) => void, thisArg?: any) => void' is not assignable to type '(callbackfn: (value: CustomBlockRuntimeEntry, key: string, map: ReadonlyMap<string, CustomBlockRuntimeEntry>) => void, thisArg?: any) => void'.
      Types of parameters 'callbackfn' and 'callbackfn' are incompatible.
        Types of parameters 'value' and 'value' are incompatible.
          Type '{ manifest: { customBlockKey: string; publicFieldKeys: never[]; resize: { widthLocked: false; heightLocked: false; }; }; block: SimpleContainerBlock; }' is missing the following properties from type 'CustomBlockRuntimeEntry': environment, dependencies
src/features/card-rendering/expandCustomBlocks.spec.ts(46,48): error TS2769: No overload matches this call.
  The last overload gave the following error.
    Object literal may only specify known properties, and 'customBlockKey' does not exist in type 'CustomBlockInit'.
src/features/card-rendering/expandCustomBlocks.spec.ts(54,49): error TS2345: Argument of type 'Map<string, { manifest: { customBlockKey: string; publicFieldKeys: never[]; resize: { widthLocked: false; heightLocked: false; }; }; block: ImageBlock; resourceUrls: Map<string, string>; }>' is not assignable to parameter of type 'ReadonlyMap<string, CustomBlockRuntimeEntry>'.
  Types of property 'forEach' are incompatible.
    Type '(callbackfn: (value: { manifest: { customBlockKey: string; publicFieldKeys: never[]; resize: { widthLocked: false; heightLocked: false; }; }; block: ImageBlock; resourceUrls: Map<string, string>; }, key: string, map: Map<...>) => void, thisArg?: any) => void' is not assignable to type '(callbackfn: (value: CustomBlockRuntimeEntry, key: string, map: ReadonlyMap<string, CustomBlockRuntimeEntry>) => void, thisArg?: any) => void'.
      Types of parameters 'callbackfn' and 'callbackfn' are incompatible.
        Types of parameters 'value' and 'value' are incompatible.
          Type '{ manifest: { customBlockKey: string; publicFieldKeys: never[]; resize: { widthLocked: false; heightLocked: false; }; }; block: ImageBlock; resourceUrls: Map<string, string>; }' is missing the following properties from type 'CustomBlockRuntimeEntry': environment, dependencies
src/features/card-rendering/expandCustomBlocks.spec.ts(65,48): error TS2769: No overload matches this call.
  The last overload gave the following error.
    Object literal may only specify known properties, and 'customBlockKey' does not exist in type 'CustomBlockInit'.
src/features/card-rendering/expandCustomBlocks.spec.ts(75,52): error TS2339: Property 'id' does not exist on type 'never'.
  The intersection 'BaseBlock & { content: string; fontSize?: string | undefined; fontFamily?: string | undefined; fontWeight?: TextFontWeight | undefined; color?: string | undefined; textAlign?: AlignmentPosition | undefined; verticalAlign?: VerticalAlignmentPosition | undefined; lineHeight?: string | undefined; writingMode?: TextWrit...' was reduced to 'never' because property 'type' has conflicting types in some constituents.
src/features/card-rendering/expandCustomBlocks.spec.ts(81,48): error TS2769: No overload matches this call.
  The last overload gave the following error.
    Object literal may only specify known properties, and 'customBlockKey' does not exist in type 'CustomBlockInit'.
src/features/card-rendering/expandCustomBlocks.spec.ts(90,49): error TS2345: Argument of type 'Map<string, { manifest: { customBlockKey: string; publicFieldKeys: string[]; resize: { widthLocked: false; heightLocked: false; }; }; block: TextBlock; }>' is not assignable to parameter of type 'ReadonlyMap<string, CustomBlockRuntimeEntry>'.
  Types of property 'forEach' are incompatible.
    Type '(callbackfn: (value: { manifest: { customBlockKey: string; publicFieldKeys: string[]; resize: { widthLocked: false; heightLocked: false; }; }; block: TextBlock; }, key: string, map: Map<string, { ...; }>) => void, thisArg?: any) => void' is not assignable to type '(callbackfn: (value: CustomBlockRuntimeEntry, key: string, map: ReadonlyMap<string, CustomBlockRuntimeEntry>) => void, thisArg?: any) => void'.
      Types of parameters 'callbackfn' and 'callbackfn' are incompatible.
        Types of parameters 'value' and 'value' are incompatible.
          Type '{ manifest: { customBlockKey: string; publicFieldKeys: string[]; resize: { widthLocked: false; heightLocked: false; }; }; block: TextBlock; }' is missing the following properties from type 'CustomBlockRuntimeEntry': environment, dependencies
src/features/card-rendering/expandCustomBlocks.spec.ts(100,35): error TS2339: Property 'id' does not exist on type 'never'.
  The intersection 'BaseBlock & { content: string; fontSize?: string | undefined; fontFamily?: string | undefined; fontWeight?: TextFontWeight | undefined; color?: string | undefined; textAlign?: AlignmentPosition | undefined; verticalAlign?: VerticalAlignmentPosition | undefined; lineHeight?: string | undefined; writingMode?: TextWrit...' was reduced to 'never' because property 'type' has conflicting types in some constituents.
src/features/card-rendering/expandCustomBlocks.spec.ts(107,87): error TS2769: No overload matches this call.
  The last overload gave the following error.
    Object literal may only specify known properties, and 'customBlockKey' does not exist in type 'CustomBlockInit'.
src/features/card-rendering/expandCustomBlocks.spec.ts(111,49): error TS2345: Argument of type 'Map<string, { manifest: { customBlockKey: string; publicFieldKeys: string[]; resize: { widthLocked: true; heightLocked: true; }; }; block: TextBlock; }>' is not assignable to parameter of type 'ReadonlyMap<string, CustomBlockRuntimeEntry>'.
  Types of property 'forEach' are incompatible.
    Type '(callbackfn: (value: { manifest: { customBlockKey: string; publicFieldKeys: string[]; resize: { widthLocked: true; heightLocked: true; }; }; block: TextBlock; }, key: string, map: Map<string, { manifest: { ...; }; block: TextBlock; }>) => void, thisArg?: any) => void' is not assignable to type '(callbackfn: (value: CustomBlockRuntimeEntry, key: string, map: ReadonlyMap<string, CustomBlockRuntimeEntry>) => void, thisArg?: any) => void'.
      Types of parameters 'callbackfn' and 'callbackfn' are incompatible.
        Types of parameters 'value' and 'value' are incompatible.
          Type '{ manifest: { customBlockKey: string; publicFieldKeys: string[]; resize: { widthLocked: true; heightLocked: true; }; }; block: TextBlock; }' is missing the following properties from type 'CustomBlockRuntimeEntry': environment, dependencies
src/features/card-rendering/expandCustomBlocks.ts(101,9): error TS2322: Type '{ children: ({ block: CardBlock; location: SimpleContainerLocationInfo; } | { block: CardBlock; location: FlowContainerLocationInfo; })[]; ... 23 more ...; clip: string; }' is not assignable to type 'CardBlock'.
  Types of property 'children' are incompatible.
    Type '({ block: CardBlock; location: SimpleContainerLocationInfo; } | { block: CardBlock; location: FlowContainerLocationInfo; })[]' is not assignable to type '{ block: CardBlock; location: SimpleContainerLocationInfo; }[]'.
      Type '{ block: CardBlock; location: SimpleContainerLocationInfo; } | { block: CardBlock; location: FlowContainerLocationInfo; }' is not assignable to type '{ block: CardBlock; location: SimpleContainerLocationInfo; }'.
        Type '{ block: CardBlock; location: FlowContainerLocationInfo; }' is not assignable to type '{ block: CardBlock; location: SimpleContainerLocationInfo; }'.
          Types of property 'location' are incompatible.
            Property 'anchor' is missing in type 'FlowContainerLocationInfo' but required in type 'SimpleContainerLocationInfo'.
src/features/card-rendering/expandCustomBlocks.ts(186,9): error TS2322: Type '({ block: RenderReadyCardBlock; location: RenderReadySimpleContainerLocation; } | { block: RenderReadyCardBlock; location: RenderReadyFlowContainerLocation; })[]' is not assignable to type 'RenderReadyFlowContainerChild[]'.
  Type '{ block: RenderReadyCardBlock; location: RenderReadySimpleContainerLocation; } | { block: RenderReadyCardBlock; location: RenderReadyFlowContainerLocation; }' is not assignable to type 'RenderReadyFlowContainerChild'.
    Type '{ block: RenderReadyCardBlock; location: RenderReadySimpleContainerLocation; }' is not assignable to type 'RenderReadyFlowContainerChild'.
      Types of property 'location' are incompatible.
        Type 'RenderReadySimpleContainerLocation' is missing the following properties from type 'RenderReadyFlowContainerLocation': index, align
src/features/card-rendering/prepareRichText.spec.ts(32,7): error TS2322: Type 'Map<string, { manifest: { customBlockKey: string; publicFieldKeys: string[]; resize: { widthLocked: true; heightLocked: true; }; }; block: TextBlock; }>' is not assignable to type 'ReadonlyMap<string, CustomBlockRuntimeEntry>'.
  Types of property 'forEach' are incompatible.
    Type '(callbackfn: (value: { manifest: { customBlockKey: string; publicFieldKeys: string[]; resize: { widthLocked: true; heightLocked: true; }; }; block: TextBlock; }, key: string, map: Map<string, { manifest: { ...; }; block: TextBlock; }>) => void, thisArg?: any) => void' is not assignable to type '(callbackfn: (value: CustomBlockRuntimeEntry, key: string, map: ReadonlyMap<string, CustomBlockRuntimeEntry>) => void, thisArg?: any) => void'.
      Types of parameters 'callbackfn' and 'callbackfn' are incompatible.
        Types of parameters 'value' and 'value' are incompatible.
          Type '{ manifest: { customBlockKey: string; publicFieldKeys: string[]; resize: { widthLocked: true; heightLocked: true; }; }; block: TextBlock; }' is missing the following properties from type 'CustomBlockRuntimeEntry': environment, dependencies
src/features/card-rendering/prepareRichText.spec.ts(52,7): error TS2322: Type 'Map<string, { manifest: { customBlockKey: string; publicFieldKeys: never[]; resize: { widthLocked: true; heightLocked: true; }; }; block: TextBlock; }>' is not assignable to type 'ReadonlyMap<string, CustomBlockRuntimeEntry>'.
  Types of property 'forEach' are incompatible.
    Type '(callbackfn: (value: { manifest: { customBlockKey: string; publicFieldKeys: never[]; resize: { widthLocked: true; heightLocked: true; }; }; block: TextBlock; }, key: string, map: Map<string, { manifest: { ...; }; block: TextBlock; }>) => void, thisArg?: any) => void' is not assignable to type '(callbackfn: (value: CustomBlockRuntimeEntry, key: string, map: ReadonlyMap<string, CustomBlockRuntimeEntry>) => void, thisArg?: any) => void'.
      Types of parameters 'callbackfn' and 'callbackfn' are incompatible.
        Types of parameters 'value' and 'value' are incompatible.
          Type '{ manifest: { customBlockKey: string; publicFieldKeys: never[]; resize: { widthLocked: true; heightLocked: true; }; }; block: TextBlock; }' is missing the following properties from type 'CustomBlockRuntimeEntry': environment, dependencies
src/features/card-rendering/prepareRichText.spec.ts(71,7): error TS2322: Type 'Map<string, { manifest: { customBlockKey: string; publicFieldKeys: string[]; resize: { widthLocked: true; heightLocked: true; }; }; block: SimpleContainerBlock; }>' is not assignable to type 'ReadonlyMap<string, CustomBlockRuntimeEntry>'.
  Types of property 'forEach' are incompatible.
    Type '(callbackfn: (value: { manifest: { customBlockKey: string; publicFieldKeys: string[]; resize: { widthLocked: true; heightLocked: true; }; }; block: SimpleContainerBlock; }, key: string, map: Map<...>) => void, thisArg?: any) => void' is not assignable to type '(callbackfn: (value: CustomBlockRuntimeEntry, key: string, map: ReadonlyMap<string, CustomBlockRuntimeEntry>) => void, thisArg?: any) => void'.
      Types of parameters 'callbackfn' and 'callbackfn' are incompatible.
        Types of parameters 'value' and 'value' are incompatible.
          Type '{ manifest: { customBlockKey: string; publicFieldKeys: string[]; resize: { widthLocked: true; heightLocked: true; }; }; block: SimpleContainerBlock; }' is missing the following properties from type 'CustomBlockRuntimeEntry': environment, dependencies
src/features/card-rendering/prepareRichText.spec.ts(106,7): error TS2322: Type 'Map<string, { manifest: { customBlockKey: string; publicFieldKeys: string[]; resize: { widthLocked: true; heightLocked: true; }; }; block: TextBlock; }>' is not assignable to type 'ReadonlyMap<string, CustomBlockRuntimeEntry>'.
  Types of property 'forEach' are incompatible.
    Type '(callbackfn: (value: { manifest: { customBlockKey: string; publicFieldKeys: string[]; resize: { widthLocked: true; heightLocked: true; }; }; block: TextBlock; }, key: string, map: Map<string, { manifest: { ...; }; block: TextBlock; }>) => void, thisArg?: any) => void' is not assignable to type '(callbackfn: (value: CustomBlockRuntimeEntry, key: string, map: ReadonlyMap<string, CustomBlockRuntimeEntry>) => void, thisArg?: any) => void'.
      Types of parameters 'callbackfn' and 'callbackfn' are incompatible.
        Types of parameters 'value' and 'value' are incompatible.
          Type '{ manifest: { customBlockKey: string; publicFieldKeys: string[]; resize: { widthLocked: true; heightLocked: true; }; }; block: TextBlock; }' is missing the following properties from type 'CustomBlockRuntimeEntry': environment, dependencies
src/features/card-rendering/prepareRichText.spec.ts(127,7): error TS2322: Type 'Map<string, { manifest: { customBlockKey: string; publicFieldKeys: string[]; resize: { widthLocked: true; heightLocked: true; }; }; block: TextBlock; }>' is not assignable to type 'ReadonlyMap<string, CustomBlockRuntimeEntry>'.
  Types of property 'forEach' are incompatible.
    Type '(callbackfn: (value: { manifest: { customBlockKey: string; publicFieldKeys: string[]; resize: { widthLocked: true; heightLocked: true; }; }; block: TextBlock; }, key: string, map: Map<string, { manifest: { ...; }; block: TextBlock; }>) => void, thisArg?: any) => void' is not assignable to type '(callbackfn: (value: CustomBlockRuntimeEntry, key: string, map: ReadonlyMap<string, CustomBlockRuntimeEntry>) => void, thisArg?: any) => void'.
      Types of parameters 'callbackfn' and 'callbackfn' are incompatible.
        Types of parameters 'value' and 'value' are incompatible.
          Type '{ manifest: { customBlockKey: string; publicFieldKeys: string[]; resize: { widthLocked: true; heightLocked: true; }; }; block: TextBlock; }' is missing the following properties from type 'CustomBlockRuntimeEntry': environment, dependencies
src/features/card-rendering/prepareRichText.spec.ts(154,7): error TS2322: Type 'Map<string, { manifest: { customBlockKey: string; publicFieldKeys: never[]; resize: { widthLocked: boolean; heightLocked: boolean; }; }; block: TextBlock; }>' is not assignable to type 'ReadonlyMap<string, CustomBlockRuntimeEntry>'.
  Types of property 'forEach' are incompatible.
    Type '(callbackfn: (value: { manifest: { customBlockKey: string; publicFieldKeys: never[]; resize: { widthLocked: boolean; heightLocked: boolean; }; }; block: TextBlock; }, key: string, map: Map<string, { ...; }>) => void, thisArg?: any) => void' is not assignable to type '(callbackfn: (value: CustomBlockRuntimeEntry, key: string, map: ReadonlyMap<string, CustomBlockRuntimeEntry>) => void, thisArg?: any) => void'.
      Types of parameters 'callbackfn' and 'callbackfn' are incompatible.
        Types of parameters 'value' and 'value' are incompatible.
          Type '{ manifest: { customBlockKey: string; publicFieldKeys: never[]; resize: { widthLocked: boolean; heightLocked: boolean; }; }; block: TextBlock; }' is missing the following properties from type 'CustomBlockRuntimeEntry': environment, dependencies
src/features/card-rendering/prepareRichText.spec.ts(163,7): error TS2322: Type 'Map<string, { manifest: { customBlockKey: string; publicFieldKeys: never[]; resize: { widthLocked: boolean; heightLocked: boolean; }; }; block: TextBlock; }>' is not assignable to type 'ReadonlyMap<string, CustomBlockRuntimeEntry>'.
  Types of property 'forEach' are incompatible.
    Type '(callbackfn: (value: { manifest: { customBlockKey: string; publicFieldKeys: never[]; resize: { widthLocked: boolean; heightLocked: boolean; }; }; block: TextBlock; }, key: string, map: Map<string, { ...; }>) => void, thisArg?: any) => void' is not assignable to type '(callbackfn: (value: CustomBlockRuntimeEntry, key: string, map: ReadonlyMap<string, CustomBlockRuntimeEntry>) => void, thisArg?: any) => void'.
      Types of parameters 'callbackfn' and 'callbackfn' are incompatible.
        Types of parameters 'value' and 'value' are incompatible.
          Type '{ manifest: { customBlockKey: string; publicFieldKeys: never[]; resize: { widthLocked: boolean; heightLocked: boolean; }; }; block: TextBlock; }' is missing the following properties from type 'CustomBlockRuntimeEntry': environment, dependencies
src/features/card-rendering/prepareRichText.spec.ts(186,7): error TS2322: Type 'Map<string, { manifest: { customBlockKey: string; publicFieldKeys: never[]; resize: { widthLocked: true; heightLocked: true; }; }; block: TextBlock; }>' is not assignable to type 'ReadonlyMap<string, CustomBlockRuntimeEntry>'.
  Types of property 'forEach' are incompatible.
    Type '(callbackfn: (value: { manifest: { customBlockKey: string; publicFieldKeys: never[]; resize: { widthLocked: true; heightLocked: true; }; }; block: TextBlock; }, key: string, map: Map<string, { manifest: { ...; }; block: TextBlock; }>) => void, thisArg?: any) => void' is not assignable to type '(callbackfn: (value: CustomBlockRuntimeEntry, key: string, map: ReadonlyMap<string, CustomBlockRuntimeEntry>) => void, thisArg?: any) => void'.
      Types of parameters 'callbackfn' and 'callbackfn' are incompatible.
        Types of parameters 'value' and 'value' are incompatible.
          Type '{ manifest: { customBlockKey: string; publicFieldKeys: never[]; resize: { widthLocked: true; heightLocked: true; }; }; block: TextBlock; }' is missing the following properties from type 'CustomBlockRuntimeEntry': environment, dependencies
src/features/card-rendering/prepareRichText.ts(176,80): error TS2345: Argument of type 'CustomBlockRuntimeEntry' is not assignable to parameter of type 'Pick<{ readonly manifest: { readonly type: "opencard-custom-block"; readonly packageId: string; readonly version: string; readonly name: string; readonly description?: string | undefined; readonly publicFieldKeys: readonly string[]; readonly resize: { ...; }; }; ... 4 more ...; readonly hasResourceErrors?: boolean |...'.
  Types of property 'block' are incompatible.
    Type 'unknown' is not assignable to type '{ readonly id: string; readonly name?: string | undefined; readonly notes?: string | undefined; readonly visible?: string | undefined; readonly width?: string | undefined; readonly height?: string | undefined; ... 24 more ...; readonly type: "text-block"; } | ... 6 more ... | { ...; }'.
src/features/card-rendering/renderPipeline.spec.ts(199,7): error TS2322: Type 'Map<string, { manifest: { customBlockKey: string; publicFieldKeys: string[]; resize: { widthLocked: false; heightLocked: false; }; }; block: TextBlock; }>' is not assignable to type 'ReadonlyMap<string, CustomBlockRuntimeEntry>'.
  Types of property 'forEach' are incompatible.
    Type '(callbackfn: (value: { manifest: { customBlockKey: string; publicFieldKeys: string[]; resize: { widthLocked: false; heightLocked: false; }; }; block: TextBlock; }, key: string, map: Map<string, { ...; }>) => void, thisArg?: any) => void' is not assignable to type '(callbackfn: (value: CustomBlockRuntimeEntry, key: string, map: ReadonlyMap<string, CustomBlockRuntimeEntry>) => void, thisArg?: any) => void'.
      Types of parameters 'callbackfn' and 'callbackfn' are incompatible.
        Types of parameters 'value' and 'value' are incompatible.
          Type '{ manifest: { customBlockKey: string; publicFieldKeys: string[]; resize: { widthLocked: false; heightLocked: false; }; }; block: TextBlock; }' is missing the following properties from type 'CustomBlockRuntimeEntry': environment, dependencies
src/features/card-rendering/renderPipeline.spec.ts(225,7): error TS2322: Type 'Map<string, { manifest: { customBlockKey: string; publicFieldKeys: string[]; resize: { widthLocked: true; heightLocked: true; }; }; block: TextBlock; }>' is not assignable to type 'ReadonlyMap<string, CustomBlockRuntimeEntry>'.
  Types of property 'forEach' are incompatible.
    Type '(callbackfn: (value: { manifest: { customBlockKey: string; publicFieldKeys: string[]; resize: { widthLocked: true; heightLocked: true; }; }; block: TextBlock; }, key: string, map: Map<string, { manifest: { ...; }; block: TextBlock; }>) => void, thisArg?: any) => void' is not assignable to type '(callbackfn: (value: CustomBlockRuntimeEntry, key: string, map: ReadonlyMap<string, CustomBlockRuntimeEntry>) => void, thisArg?: any) => void'.
      Types of parameters 'callbackfn' and 'callbackfn' are incompatible.
        Types of parameters 'value' and 'value' are incompatible.
          Type '{ manifest: { customBlockKey: string; publicFieldKeys: string[]; resize: { widthLocked: true; heightLocked: true; }; }; block: TextBlock; }' is missing the following properties from type 'CustomBlockRuntimeEntry': environment, dependencies
src/features/card-rendering/renderPipeline.spec.ts(243,7): error TS2322: Type 'Map<string, { manifest: { customBlockKey: string; publicFieldKeys: never[]; resize: { widthLocked: false; heightLocked: false; }; }; block: TextBlock; hasResourceErrors: true; }>' is not assignable to type 'ReadonlyMap<string, CustomBlockRuntimeEntry>'.
  Types of property 'forEach' are incompatible.
    Type '(callbackfn: (value: { manifest: { customBlockKey: string; publicFieldKeys: never[]; resize: { widthLocked: false; heightLocked: false; }; }; block: TextBlock; hasResourceErrors: true; }, key: string, map: Map<...>) => void, thisArg?: any) => void' is not assignable to type '(callbackfn: (value: CustomBlockRuntimeEntry, key: string, map: ReadonlyMap<string, CustomBlockRuntimeEntry>) => void, thisArg?: any) => void'.
      Types of parameters 'callbackfn' and 'callbackfn' are incompatible.
        Types of parameters 'value' and 'value' are incompatible.
          Type '{ manifest: { customBlockKey: string; publicFieldKeys: never[]; resize: { widthLocked: false; heightLocked: false; }; }; block: TextBlock; hasResourceErrors: true; }' is missing the following properties from type 'CustomBlockRuntimeEntry': environment, dependencies
src/features/card-rendering/renderPipeline.spec.ts(274,7): error TS2322: Type 'Map<string, { manifest: { customBlockKey: string; publicFieldKeys: never[]; resize: { widthLocked: false; heightLocked: false; }; }; block: SimpleContainerBlock; }>' is not assignable to type 'ReadonlyMap<string, CustomBlockRuntimeEntry>'.
  Types of property 'forEach' are incompatible.
    Type '(callbackfn: (value: { manifest: { customBlockKey: string; publicFieldKeys: never[]; resize: { widthLocked: false; heightLocked: false; }; }; block: SimpleContainerBlock; }, key: string, map: Map<...>) => void, thisArg?: any) => void' is not assignable to type '(callbackfn: (value: CustomBlockRuntimeEntry, key: string, map: ReadonlyMap<string, CustomBlockRuntimeEntry>) => void, thisArg?: any) => void'.
      Types of parameters 'callbackfn' and 'callbackfn' are incompatible.
        Types of parameters 'value' and 'value' are incompatible.
          Type '{ manifest: { customBlockKey: string; publicFieldKeys: never[]; resize: { widthLocked: false; heightLocked: false; }; }; block: SimpleContainerBlock; }' is missing the following properties from type 'CustomBlockRuntimeEntry': environment, dependencies
src/features/exporting/exportPlanner.spec.ts(99,38): error TS2322: Type 'Map<string, { manifest: { customBlockKey: string; publicFieldKeys: never[]; resize: { widthLocked: boolean; heightLocked: boolean; }; }; block: {}; resourceUrls: Map<string, string>; }>' is not assignable to type 'ReadonlyMap<string, CustomBlockRuntimeEntry>'.
  Types of property 'forEach' are incompatible.
    Type '(callbackfn: (value: { manifest: { customBlockKey: string; publicFieldKeys: never[]; resize: { widthLocked: boolean; heightLocked: boolean; }; }; block: {}; resourceUrls: Map<string, string>; }, key: string, map: Map<...>) => void, thisArg?: any) => void' is not assignable to type '(callbackfn: (value: CustomBlockRuntimeEntry, key: string, map: ReadonlyMap<string, CustomBlockRuntimeEntry>) => void, thisArg?: any) => void'.
      Types of parameters 'callbackfn' and 'callbackfn' are incompatible.
        Types of parameters 'value' and 'value' are incompatible.
          Type '{ manifest: { customBlockKey: string; publicFieldKeys: never[]; resize: { widthLocked: boolean; heightLocked: boolean; }; }; block: {}; resourceUrls: Map<string, string>; }' is missing the following properties from type 'CustomBlockRuntimeEntry': environment, dependencies
src/features/exporting/exportPlanner.spec.ts(105,53): error TS2339: Property 'resourceRootPath' does not exist on type 'CardRenderResourceContext'.
src/features/exporting/exportRunner.spec.ts(29,5): error TS2322: Type '{ key: string; sourcePath: string; outputPath: string; faceKey: "front"; render: { document: { type: "card-document"; id: string; name: string; version: string; description: string; notes: string; faces: { ...; }; }; issues: never[]; resources: CardRenderResourceContext; }; }[]' is not assignable to type 'readonly ExportPlanEntry[]'.
  Type '{ key: string; sourcePath: string; outputPath: string; faceKey: "front"; render: { document: { type: "card-document"; id: string; name: string; version: string; description: string; notes: string; faces: { ...; }; }; issues: never[]; resources: CardRenderResourceContext; }; }' is not assignable to type 'ExportPlanEntry'.
    Types of property 'render' are incompatible.
      Type '{ document: { type: "card-document"; id: string; name: string; version: string; description: string; notes: string; faces: { front: RenderReadyCardFace; back: RenderReadyCardFace; }; }; issues: never[]; resources: CardRenderResourceContext; }' is not assignable to type 'PreparedCardRender'.
        Property 'resourceScopes' is missing in type '{ document: { type: "card-document"; id: string; name: string; version: string; description: string; notes: string; faces: { front: RenderReadyCardFace; back: RenderReadyCardFace; }; }; issues: never[]; resources: CardRenderResourceContext; }' but required in type 'RenderPipelineResult'.
src/features/project-templates/services/projectTemplateService.spec.ts(378,66): error TS2353: Object literal may only specify known properties, and 'key' does not exist in type '{ root: CardBlock; publisherKey: string; blockKey: string; version?: string | undefined; name?: string | undefined; description?: string | undefined; exposedFieldKeys?: readonly string[] | undefined; resize?: ProjectCustomBlockResizePolicy | undefined; }'.
src/features/project-templates/services/projectTemplateService.ts(14,3): error TS2305: Module '"../../workspace/model/projectCustomBlocks"' has no exported member 'parseProjectCustomBlockRegistryText'.
src/features/project-templates/services/projectTemplateService.ts(15,3): error TS2724: '"../../workspace/model/projectCustomBlocks"' has no exported member named 'PROJECT_CUSTOM_BLOCK_REGISTRY_FILE_NAME'. Did you mean 'PROJECT_CUSTOM_BLOCK_MANIFEST_FILE_NAME'?
src/features/project-templates/services/projectTemplateService.ts(17,3): error TS2724: '"../../workspace/model/projectCustomBlocks"' has no exported member named 'serializeProjectCustomBlockRegistry'. Did you mean 'serializeProjectCustomBlockManifest'?
src/features/project-templates/services/projectTemplateService.ts(545,44): error TS2339: Property 'customBlockKey' does not exist on type 'ProjectCustomBlockManifest'.
src/features/project-templates/services/projectTemplateService.ts(547,96): error TS2339: Property 'customBlockKey' does not exist on type 'ProjectCustomBlockManifest'.
src/features/project-templates/services/projectTemplateService.ts(561,47): error TS2339: Property 'customBlockKey' does not exist on type 'ProjectCustomBlockManifest'.
src/features/project-templates/services/projectTemplateService.ts(566,92): error TS2339: Property 'customBlockKey' does not exist on type 'ProjectCustomBlockManifest'.
src/features/project-templates/services/projectTemplateService.ts(569,100): error TS2339: Property 'customBlockKey' does not exist on type 'ProjectCustomBlockManifest'.
src/features/project-templates/services/projectTemplateService.ts(576,37): error TS2339: Property 'customBlockKey' does not exist on type 'ProjectCustomBlockManifest'.
src/features/shell/composables/useProjectExport.ts(172,74): error TS2339: Property 'customBlockKey' does not exist on type 'CustomBlock'.
src/features/shell/composables/useShellFileTree.ts(9,3): error TS2724: '"../../workspace/model/projectStructure"' has no exported member named 'PROJECT_CUSTOM_BLOCK_REGISTRY_FILE_NAME'. Did you mean 'PROJECT_ICON_REGISTRY_FILE_NAME'?
src/features/shell/services/externalOpenService.ts(11,3): error TS2724: '"../../workspace/model/projectCustomBlocks"' has no exported member named 'PROJECT_CUSTOM_BLOCK_REGISTRY_FILE_NAME'. Did you mean 'PROJECT_CUSTOM_BLOCK_MANIFEST_FILE_NAME'?
src/features/version-control/useOcdocumentDiffSession.ts(14,10): error TS2305: Module '"../workspace/model/projectCustomBlocks"' has no exported member 'parseProjectCustomBlockRegistryText'.
src/features/version-control/useOcdocumentDiffSession.ts(14,47): error TS2724: '"../workspace/model/projectCustomBlocks"' has no exported member named 'PROJECT_CUSTOM_BLOCK_REGISTRY_FILE_NAME'. Did you mean 'PROJECT_CUSTOM_BLOCK_MANIFEST_FILE_NAME'?
src/features/version-control/useOcdocumentDiffSession.ts(16,10): error TS2305: Module '"../workspace/services/projectCustomBlockAssetLoader"' has no exported member 'createProjectCustomBlockAssetSession'.
src/features/version-control/useOcdocumentDiffSession.ts(130,43): error TS2339: Property 'customBlockKey' does not exist on type 'ProjectCustomBlockManifest'.
src/features/version-control/useOcdocumentDiffSession.ts(131,52): error TS2353: Object literal may only specify known properties, and 'archivePath' does not exist in type 'ProjectCustomBlockCatalogEntry'.
src/features/version-control/useOcdocumentDiffSession.ts(134,51): error TS2345: Argument of type 'Map<string, ProjectCustomBlockCatalogEntry>' is not assignable to parameter of type 'Iterable<ProjectResourceEnvironment>'.
  The types returned by '[Symbol.iterator]().next(...)' are incompatible between these types.
    Type 'IteratorResult<[string, ProjectCustomBlockCatalogEntry], undefined>' is not assignable to type 'IteratorResult<ProjectResourceEnvironment, any>'.
      Type 'IteratorYieldResult<[string, ProjectCustomBlockCatalogEntry]>' is not assignable to type 'IteratorResult<ProjectResourceEnvironment, any>'.
        Type 'IteratorYieldResult<[string, ProjectCustomBlockCatalogEntry]>' is not assignable to type 'IteratorYieldResult<ProjectResourceEnvironment>'.
          Type '[string, ProjectCustomBlockCatalogEntry]' is not assignable to type 'ProjectResourceEnvironment'.
src/features/workspace/components/CustomBlockExportDialog.vue(80,15): error TS2305: Module '"../model/projectCustomBlocks"' has no exported member 'ProjectCustomBlockResourceIndex'.
src/features/workspace/components/CustomBlockExportDialog.vue(89,10): error TS2305: Module '"../services/projectCustomBlockResources"' has no exported member 'createProjectCustomBlockFontFamily'.
src/features/workspace/components/CustomBlockExportDialog.vue(186,69): error TS2345: Argument of type 'Map<string, { manifest: { customBlockKey: string; resources: any; }; files: ReadonlyMap<string, Uint8Array>; }>' is not assignable to parameter of type 'Iterable<ProjectResourceEnvironment>'.
  The types returned by '[Symbol.iterator]().next(...)' are incompatible between these types.
    Type 'IteratorResult<[string, { manifest: { customBlockKey: string; resources: any; }; files: ReadonlyMap<string, Uint8Array>; }], undefined>' is not assignable to type 'IteratorResult<ProjectResourceEnvironment, any>'.
      Type 'IteratorYieldResult<[string, { manifest: { customBlockKey: string; resources: any; }; files: ReadonlyMap<string, Uint8Array>; }]>' is not assignable to type 'IteratorResult<ProjectResourceEnvironment, any>'.
        Type 'IteratorYieldResult<[string, { manifest: { customBlockKey: string; resources: any; }; files: ReadonlyMap<string, Uint8Array>; }]>' is not assignable to type 'IteratorYieldResult<ProjectResourceEnvironment>'.
          Type '[string, { manifest: { customBlockKey: string; resources: any; }; files: ReadonlyMap<string, Uint8Array>; }]' is not assignable to type 'ProjectResourceEnvironment'.
src/features/workspace/components/CustomBlockExportDialog.vue(195,64): error TS7006: Parameter 'font' implicitly has an 'any' type.
src/features/workspace/components/CustomBlockExportDialog.vue(251,56): error TS7006: Parameter 'font' implicitly has an 'any' type.
src/features/workspace/components/CustomBlockExportDialog.vue(253,58): error TS7006: Parameter 'image' implicitly has an 'any' type.
src/features/workspace/components/CustomBlockExportDialog.vue(283,45): error TS7006: Parameter 'font' implicitly has an 'any' type.
src/features/workspace/components/CustomBlockExportDialog.vue(285,46): error TS7006: Parameter 'image' implicitly has an 'any' type.
src/features/workspace/components/CustomBlockExportDialog.vue(292,51): error TS7006: Parameter 'item' implicitly has an 'any' type.
src/features/workspace/components/CustomBlockExportDialog.vue(295,27): error TS7006: Parameter 'member' implicitly has an 'any' type.
src/features/workspace/components/CustomBlockExportDialog.vue(299,53): error TS7006: Parameter 'item' implicitly has an 'any' type.
src/features/workspace/model/projectStructure.spec.ts(4,3): error TS2724: '"./projectStructure"' has no exported member named 'PROJECT_CUSTOM_BLOCK_REGISTRY_FILE_NAME'. Did you mean 'PROJECT_ICON_REGISTRY_FILE_NAME'?
src/features/workspace/model/userCustomBlockCatalog.ts(37,45): error TS2339: Property 'customBlockKey' does not exist on type 'ProjectCustomBlockManifest'.
src/features/workspace/model/userCustomBlockCatalog.ts(38,18): error TS2339: Property 'customBlockKey' does not exist on type 'ProjectCustomBlockManifest'.
src/features/workspace/model/userCustomBlockCatalog.ts(39,30): error TS2339: Property 'customBlockKey' does not exist on type 'ProjectCustomBlockManifest'.
src/features/workspace/services/buildProjectCustomBlockManifest.spec.ts(13,68): error TS2353: Object literal may only specify known properties, and 'key' does not exist in type '{ root: CardBlock; publisherKey: string; blockKey: string; version?: string | undefined; name?: string | undefined; description?: string | undefined; exposedFieldKeys?: readonly string[] | undefined; resize?: ProjectCustomBlockResizePolicy | undefined; }'.
src/features/workspace/services/buildProjectCustomBlockManifest.spec.ts(25,51): error TS2353: Object literal may only specify known properties, and 'key' does not exist in type '{ root: CardBlock; publisherKey: string; blockKey: string; version?: string | undefined; name?: string | undefined; description?: string | undefined; exposedFieldKeys?: readonly string[] | undefined; resize?: ProjectCustomBlockResizePolicy | undefined; }'.
src/features/workspace/services/buildProjectCustomBlockManifest.spec.ts(37,13): error TS2353: Object literal may only specify known properties, and 'key' does not exist in type '{ root: CardBlock; publisherKey: string; blockKey: string; version?: string | undefined; name?: string | undefined; description?: string | undefined; exposedFieldKeys?: readonly string[] | undefined; resize?: ProjectCustomBlockResizePolicy | undefined; }'.
src/features/workspace/services/buildProjectCustomBlockManifest.spec.ts(45,68): error TS2353: Object literal may only specify known properties, and 'key' does not exist in type '{ root: CardBlock; publisherKey: string; blockKey: string; version?: string | undefined; name?: string | undefined; description?: string | undefined; exposedFieldKeys?: readonly string[] | undefined; resize?: ProjectCustomBlockResizePolicy | undefined; }'.
src/features/workspace/services/buildProjectCustomBlockManifest.spec.ts(67,58): error TS2353: Object literal may only specify known properties, and 'key' does not exist in type '{ root: CardBlock; publisherKey: string; blockKey: string; version?: string | undefined; name?: string | undefined; description?: string | undefined; exposedFieldKeys?: readonly string[] | undefined; resize?: ProjectCustomBlockResizePolicy | undefined; }'.
src/features/workspace/services/createProjectCustomBlockInstance.spec.ts(19,52): error TS2345: Argument of type '{ manifest: { customBlockKey: string; name: string; publicFieldKeys: string[]; }; block: BaseBlock & { content: string; fontSize?: CssValue; fontFamily?: string; ... 5 more ...; writingMode?: TextWritingMode; } & { ...; } & { ...; }; }' is not assignable to parameter of type 'CustomBlockInstanceSource'.
  Types of property 'manifest' are incompatible.
    Property 'packageId' is missing in type '{ customBlockKey: string; name: string; publicFieldKeys: string[]; }' but required in type '{ readonly packageId: string; readonly name: string; }'.
src/features/workspace/services/createProjectCustomBlockInstance.spec.ts(23,9): error TS2353: Object literal may only specify known properties, and 'publicFieldKeys' does not exist in type '{ readonly packageId: string; readonly name: string; }'.
src/features/workspace/services/exportProjectCustomBlock.spec.ts(5,3): error TS2305: Module '"./exportProjectCustomBlock"' has no exported member 'fetchProjectCustomBlockImageBytes'.
src/features/workspace/services/exportProjectCustomBlock.spec.ts(32,7): error TS2739: Type '{ pickSavePath: Mock<() => Promise<string>>; readBinaryFile: Mock<Procedure>; writeBinaryFile: Mock<(_path: string, _bytes: Uint8Array) => Promise<...>>; }' is missing the following properties from type 'CustomBlockExportFileSystem': fileExists, readDirectoryEntries
src/features/workspace/services/exportProjectCustomBlock.spec.ts(52,7): error TS2739: Type '{ pickSavePath: Mock<() => Promise<null>>; readBinaryFile: Mock<Procedure>; writeBinaryFile: Mock<(_path: string, _bytes: Uint8Array) => Promise<...>>; }' is missing the following properties from type 'CustomBlockExportFileSystem': fileExists, readDirectoryEntries
src/features/workspace/services/materializeProjectCustomBlockExport.spec.ts(41,19): error TS2339: Property 'expansionIssues' does not exist on type 'MaterializeProjectCustomBlockExportResult'.
src/features/workspace/services/materializeProjectCustomBlockExport.spec.ts(53,62): error TS2769: No overload matches this call.
  The last overload gave the following error.
    Object literal may only specify known properties, and 'customBlockKey' does not exist in type 'CustomBlockInit'.
src/features/workspace/services/materializeProjectCustomBlockExport.spec.ts(64,7): error TS2353: Object literal may only specify known properties, and 'customBlockCatalog' does not exist in type '{ document: CardDocument; rootBlockId: string; environment?: Pick<ResolveReferencesOptions, "project" | "dictionary"> | undefined; }'.
src/features/workspace/services/materializeProjectCustomBlockExport.spec.ts(73,19): error TS2339: Property 'expansionIssues' does not exist on type 'MaterializeProjectCustomBlockExportResult'.
src/features/workspace/services/materializeProjectCustomBlockExport.spec.ts(84,66): error TS2769: No overload matches this call.
  The last overload gave the following error.
    Object literal may only specify known properties, and 'customBlockKey' does not exist in type 'CustomBlockInit'.
src/features/workspace/services/materializeProjectCustomBlockExport.spec.ts(89,67): error TS2769: No overload matches this call.
  The last overload gave the following error.
    Object literal may only specify known properties, and 'customBlockKey' does not exist in type 'CustomBlockInit'.
src/features/workspace/services/materializeProjectCustomBlockExport.spec.ts(93,90): error TS2353: Object literal may only specify known properties, and 'customBlockCatalog' does not exist in type '{ document: CardDocument; rootBlockId: string; environment?: Pick<ResolveReferencesOptions, "project" | "dictionary"> | undefined; }'.
src/features/workspace/services/materializeProjectCustomBlockExport.spec.ts(95,19): error TS2339: Property 'expansionIssues' does not exist on type 'MaterializeProjectCustomBlockExportResult'.
src/features/workspace/services/projectCustomBlock.spec.ts(21,73): error TS2353: Object literal may only specify known properties, and 'key' does not exist in type '{ root: CardBlock; publisherKey: string; blockKey: string; version?: string | undefined; name?: string | undefined; description?: string | undefined; exposedFieldKeys?: readonly string[] | undefined; resize?: ProjectCustomBlockResizePolicy | undefined; }'.
src/features/workspace/services/projectCustomBlock.spec.ts(56,75): error TS2353: Object literal may only specify known properties, and 'key' does not exist in type '{ root: CardBlock; publisherKey: string; blockKey: string; version?: string | undefined; name?: string | undefined; description?: string | undefined; exposedFieldKeys?: readonly string[] | undefined; resize?: ProjectCustomBlockResizePolicy | undefined; }'.
src/features/workspace/services/projectCustomBlock.spec.ts(57,14): error TS2339: Property 'resources' does not exist on type 'ProjectCustomBlockManifest'.
src/features/workspace/services/projectCustomBlock.spec.ts(89,31): error TS2339: Property 'customBlockKey' does not exist on type 'ProjectCustomBlockManifest'.
src/features/workspace/services/projectCustomBlock.spec.ts(96,37): error TS2339: Property 'customBlockKey' does not exist on type 'ProjectCustomBlockManifest'.
src/features/workspace/services/projectCustomBlock.spec.ts(105,58): error TS2769: No overload matches this call.
  The last overload gave the following error.
    Object literal may only specify known properties, and 'customBlockKey' does not exist in type 'CustomBlockInit'.
src/features/workspace/services/projectCustomBlock.spec.ts(147,39): error TS2339: Property 'customBlockKey' does not exist on type 'ProjectCustomBlockManifest'.
src/features/workspace/services/projectCustomBlock.spec.ts(171,14): error TS2339: Property 'resources' does not exist on type 'ProjectCustomBlockManifest'.
src/features/workspace/services/projectCustomBlock.ts(180,34): error TS2550: Property 'at' does not exist on type 'string[]'. Do you need to change your target library? Try changing the 'lib' compiler option to 'es2022' or later.
src/features/workspace/services/projectCustomBlock.ts(189,29): error TS2550: Property 'at' does not exist on type 'string[]'. Do you need to change your target library? Try changing the 'lib' compiler option to 'es2022' or later.
src/features/workspace/services/projectCustomBlockAssetLoader.spec.ts(5,3): error TS2305: Module '"./projectCustomBlockAssetLoader"' has no exported member 'createProjectCustomBlockAssetSession'.
src/features/workspace/services/projectCustomBlockAssetLoader.spec.ts(6,8): error TS2305: Module '"./projectCustomBlockAssetLoader"' has no exported member 'ProjectCustomBlockAssetRuntime'.
src/features/workspace/services/projectCustomBlockAssetLoader.spec.ts(10,3): error TS2322: Type 'Map<string, { archivePath: string; files: Map<string, Uint8Array>; manifest: { type: "opencard-custom-block"; customBlockKey: string; name: string; publicFieldKeys: never[]; resize: { ...; }; resources: { ...; }; }; block: ImageBlock; }>' is not assignable to type 'ProjectCustomBlockCatalog'.
  Types of property 'forEach' are incompatible.
    Type '(callbackfn: (value: { archivePath: string; files: Map<string, Uint8Array>; manifest: { type: "opencard-custom-block"; customBlockKey: string; name: string; publicFieldKeys: never[]; resize: { ...; }; resources: { ...; }; }; block: ImageBlock; }, key: string, map: Map<...>) => void, thisArg?: any) => void' is not assignable to type '(callbackfn: (value: ProjectCustomBlockCatalogEntry, key: string, map: ReadonlyMap<string, ProjectCustomBlockCatalogEntry>) => void, thisArg?: any) => void'.
      Types of parameters 'callbackfn' and 'callbackfn' are incompatible.
        Types of parameters 'value' and 'value' are incompatible.
          Type '{ archivePath: string; files: Map<string, Uint8Array>; manifest: { type: "opencard-custom-block"; customBlockKey: string; name: string; publicFieldKeys: never[]; resize: { ...; }; resources: { ...; }; }; block: ImageBlock; }' is missing the following properties from type 'ProjectCustomBlockCatalogEntry': installationPath, resourceRootPath
src/features/workspace/services/projectCustomBlockCache.spec.ts(11,7): error TS2353: Object literal may only specify known properties, and 'customBlockKey' does not exist in type 'ProjectCustomBlockManifest'.
src/features/workspace/services/projectCustomBlockCache.ts(26,29): error TS2339: Property 'files' does not exist on type 'ProjectCustomBlockCatalogEntry'.
src/features/workspace/services/projectCustomBlockFontLoader.spec.ts(15,3): error TS2322: Type 'Map<string, { archivePath: string; files: Map<string, Uint8Array>; manifest: { type: "opencard-custom-block"; customBlockKey: string; name: string; publicFieldKeys: never[]; resize: { ...; }; resources: { ...; }; }; block: TextBlock; }>' is not assignable to type 'ProjectCustomBlockCatalog'.
  Types of property 'forEach' are incompatible.
    Type '(callbackfn: (value: { archivePath: string; files: Map<string, Uint8Array>; manifest: { type: "opencard-custom-block"; customBlockKey: string; name: string; publicFieldKeys: never[]; resize: { ...; }; resources: { ...; }; }; block: TextBlock; }, key: string, map: Map<...>) => void, thisArg?: any) => void' is not assignable to type '(callbackfn: (value: ProjectCustomBlockCatalogEntry, key: string, map: ReadonlyMap<string, ProjectCustomBlockCatalogEntry>) => void, thisArg?: any) => void'.
      Types of parameters 'callbackfn' and 'callbackfn' are incompatible.
        Types of parameters 'value' and 'value' are incompatible.
          Type '{ archivePath: string; files: Map<string, Uint8Array>; manifest: { type: "opencard-custom-block"; customBlockKey: string; name: string; publicFieldKeys: never[]; resize: { ...; }; resources: { ...; }; }; block: TextBlock; }' is missing the following properties from type 'ProjectCustomBlockCatalogEntry': installationPath, resourceRootPath
src/features/workspace/services/projectCustomBlockFontLoader.spec.ts(33,5): error TS2353: Object literal may only specify known properties, and 'createObjectUrl' does not exist in type 'ProjectCustomBlockFontRuntime'.
src/features/workspace/services/projectCustomBlockFontLoader.spec.ts(45,63): error TS2345: Argument of type 'ProjectCustomBlockCatalog' is not assignable to parameter of type 'Iterable<ProjectResourceEnvironment>'.
  The types returned by '[Symbol.iterator]().next(...)' are incompatible between these types.
    Type 'IteratorResult<[string, ProjectCustomBlockCatalogEntry], undefined>' is not assignable to type 'IteratorResult<ProjectResourceEnvironment, any>'.
      Type 'IteratorYieldResult<[string, ProjectCustomBlockCatalogEntry]>' is not assignable to type 'IteratorResult<ProjectResourceEnvironment, any>'.
        Type 'IteratorYieldResult<[string, ProjectCustomBlockCatalogEntry]>' is not assignable to type 'IteratorYieldResult<ProjectResourceEnvironment>'.
          Type '[string, ProjectCustomBlockCatalogEntry]' is not assignable to type 'ProjectResourceEnvironment'.
src/features/workspace/services/projectCustomBlockFontLoader.spec.ts(47,20): error TS2339: Property 'createObjectUrl' does not exist on type 'ProjectCustomBlockFontRuntime'.
src/features/workspace/services/projectCustomBlockFontLoader.spec.ts(57,20): error TS2339: Property 'revokeObjectUrl' does not exist on type 'ProjectCustomBlockFontRuntime'.
src/features/workspace/services/projectCustomBlockFontLoader.spec.ts(62,61): error TS2345: Argument of type 'ProjectCustomBlockCatalog' is not assignable to parameter of type 'Iterable<ProjectResourceEnvironment>'.
  The types returned by '[Symbol.iterator]().next(...)' are incompatible between these types.
    Type 'IteratorResult<[string, ProjectCustomBlockCatalogEntry], undefined>' is not assignable to type 'IteratorResult<ProjectResourceEnvironment, any>'.
      Type 'IteratorYieldResult<[string, ProjectCustomBlockCatalogEntry]>' is not assignable to type 'IteratorResult<ProjectResourceEnvironment, any>'.
        Type 'IteratorYieldResult<[string, ProjectCustomBlockCatalogEntry]>' is not assignable to type 'IteratorYieldResult<ProjectResourceEnvironment>'.
          Type '[string, ProjectCustomBlockCatalogEntry]' is not assignable to type 'ProjectResourceEnvironment'.
src/features/workspace/services/projectCustomBlockFontLoader.spec.ts(65,62): error TS2345: Argument of type 'ProjectCustomBlockCatalog' is not assignable to parameter of type 'Iterable<ProjectResourceEnvironment>'.
  The types returned by '[Symbol.iterator]().next(...)' are incompatible between these types.
    Type 'IteratorResult<[string, ProjectCustomBlockCatalogEntry], undefined>' is not assignable to type 'IteratorResult<ProjectResourceEnvironment, any>'.
      Type 'IteratorYieldResult<[string, ProjectCustomBlockCatalogEntry]>' is not assignable to type 'IteratorResult<ProjectResourceEnvironment, any>'.
        Type 'IteratorYieldResult<[string, ProjectCustomBlockCatalogEntry]>' is not assignable to type 'IteratorYieldResult<ProjectResourceEnvironment>'.
          Type '[string, ProjectCustomBlockCatalogEntry]' is not assignable to type 'ProjectResourceEnvironment'.
src/features/workspace/services/projectCustomBlockFontLoader.spec.ts(67,33): error TS2339: Property 'revokeObjectUrl' does not exist on type 'ProjectCustomBlockFontRuntime'.
src/features/workspace/services/projectCustomBlockFontLoader.spec.ts(71,34): error TS2339: Property 'revokeObjectUrl' does not exist on type 'ProjectCustomBlockFontRuntime'.
src/features/workspace/services/projectCustomBlockFontLoader.spec.ts(73,33): error TS2339: Property 'revokeObjectUrl' does not exist on type 'ProjectCustomBlockFontRuntime'.
src/features/workspace/services/projectCustomBlockFontLoader.spec.ts(79,20): error TS2339: Property 'resources' does not exist on type 'ProjectCustomBlockManifest'.
src/features/workspace/services/projectCustomBlockFontLoader.spec.ts(80,25): error TS2339: Property 'resources' does not exist on type 'ProjectCustomBlockManifest'.
src/features/workspace/services/projectCustomBlockFontLoader.spec.ts(90,63): error TS2345: Argument of type 'ProjectCustomBlockCatalog' is not assignable to parameter of type 'Iterable<ProjectResourceEnvironment>'.
  The types returned by '[Symbol.iterator]().next(...)' are incompatible between these types.
    Type 'IteratorResult<[string, ProjectCustomBlockCatalogEntry], undefined>' is not assignable to type 'IteratorResult<ProjectResourceEnvironment, any>'.
      Type 'IteratorYieldResult<[string, ProjectCustomBlockCatalogEntry]>' is not assignable to type 'IteratorResult<ProjectResourceEnvironment, any>'.
        Type 'IteratorYieldResult<[string, ProjectCustomBlockCatalogEntry]>' is not assignable to type 'IteratorYieldResult<ProjectResourceEnvironment>'.
          Type '[string, ProjectCustomBlockCatalogEntry]' is not assignable to type 'ProjectResourceEnvironment'.
src/features/workspace/services/projectCustomBlockRegistry.ts(2,3): error TS2724: '"../model/projectCustomBlocks"' has no exported member named 'normalizeProjectCustomBlockArchivePath'. Did you mean 'normalizeProjectCustomBlockManifest'?
src/features/workspace/services/projectCustomBlockRegistry.ts(3,3): error TS2305: Module '"../model/projectCustomBlocks"' has no exported member 'parseProjectCustomBlockRegistry'.
src/features/workspace/services/projectCustomBlockRegistry.ts(4,8): error TS2305: Module '"../model/projectCustomBlocks"' has no exported member 'ProjectCustomBlockRegistryDocument'.
src/features/workspace/services/projectCustomBlockRegistry.ts(30,48): error TS7006: Parameter 'path' implicitly has an 'any' type.
src/features/workspace/services/projectCustomBlockResources.spec.ts(3,10): error TS2724: '"./projectCustomBlockResources"' has no exported member named 'collectProjectCustomBlockResources'. Did you mean 'analyzeProjectCustomBlockResources'?
src/features/workspace/services/projectCustomBlockResources.spec.ts(3,46): error TS2305: Module '"./projectCustomBlockResources"' has no exported member 'rewriteProjectCustomBlockResourceReferences'.
src/features/workspace/services/projectCustomBlockResources.spec.ts(5,10): error TS2305: Module '"../../card-rendering/expandCustomBlocks"' has no exported member 'customBlockResourceOwnerIdentity'.
src/features/workspace/services/userCustomBlockCatalogService.spec.ts(15,66): error TS2353: Object literal may only specify known properties, and 'key' does not exist in type '{ root: CardBlock; publisherKey: string; blockKey: string; version?: string | undefined; name?: string | undefined; description?: string | undefined; exposedFieldKeys?: readonly string[] | undefined; resize?: ProjectCustomBlockResizePolicy | undefined; }'.
src/features/workspace/services/userCustomBlockCatalogService.ts(57,47): error TS2339: Property 'customBlockKey' does not exist on type 'ProjectCustomBlockManifest'.
src/features/workspace/services/userCustomBlockCatalogService.ts(59,93): error TS2339: Property 'customBlockKey' does not exist on type 'ProjectCustomBlockManifest'.
src/features/workspace/services/userCustomBlockCatalogService.ts(85,73): error TS2339: Property 'customBlockKey' does not exist on type 'ProjectCustomBlockManifest'.
src/features/workspace/services/userCustomBlockCatalogService.ts(95,67): error TS2339: Property 'customBlockKey' does not exist on type 'ProjectCustomBlockManifest'.
src/features/workspace/store/projectStore.ts(81,3): error TS2305: Module '"../model/projectCustomBlocks"' has no exported member 'parseProjectCustomBlockRegistryText'.
src/features/workspace/store/projectStore.ts(83,3): error TS2724: '"../model/projectCustomBlocks"' has no exported member named 'PROJECT_CUSTOM_BLOCK_REGISTRY_FILE_NAME'. Did you mean 'PROJECT_CUSTOM_BLOCK_MANIFEST_FILE_NAME'?
src/features/workspace/store/projectStore.ts(84,3): error TS2724: '"../model/projectCustomBlocks"' has no exported member named 'serializeProjectCustomBlockRegistry'. Did you mean 'serializeProjectCustomBlockManifest'?
src/features/workspace/store/projectStore.ts(101,3): error TS2305: Module '"../services/projectCustomBlockAssetLoader"' has no exported member 'createProjectCustomBlockAssetSession'.
src/features/workspace/store/projectStore.ts(207,20): error TS2339: Property 'packageKey' does not exist on type '{ packageId: string; fontKey: string; source: string; reason: "load-failed"; }'.
src/features/workspace/store/projectStore.ts(434,47): error TS2339: Property 'archivePath' does not exist on type 'ProjectCustomBlockManifestCatalogEntry'.
src/features/workspace/store/projectStore.ts(436,33): error TS2339: Property 'customBlockKey' does not exist on type 'ProjectCustomBlockManifest'.
src/features/workspace/store/projectStore.ts(443,11): error TS2353: Object literal may only specify known properties, and 'archivePath' does not exist in type 'ProjectCustomBlockManifestCatalogEntry'.
src/features/workspace/store/projectStore.ts(443,35): error TS2339: Property 'archivePath' does not exist on type 'ProjectCustomBlockManifestCatalogEntry'.
src/features/workspace/store/projectStore.ts(454,9): error TS2353: Object literal may only specify known properties, and 'archivePath' does not exist in type 'ProjectCustomBlockCatalogEntry'.
src/features/workspace/store/projectStore.ts(454,33): error TS2339: Property 'archivePath' does not exist on type 'ProjectCustomBlockManifestCatalogEntry'.
src/features/workspace/store/projectStore.ts(460,65): error TS2345: Argument of type 'ProjectCustomBlockCatalog' is not assignable to parameter of type 'Iterable<ProjectResourceEnvironment>'.
  The types returned by '[Symbol.iterator]().next(...)' are incompatible between these types.
    Type 'IteratorResult<[string, ProjectCustomBlockCatalogEntry], undefined>' is not assignable to type 'IteratorResult<ProjectResourceEnvironment, any>'.
      Type 'IteratorYieldResult<[string, ProjectCustomBlockCatalogEntry]>' is not assignable to type 'IteratorResult<ProjectResourceEnvironment, any>'.
        Type 'IteratorYieldResult<[string, ProjectCustomBlockCatalogEntry]>' is not assignable to type 'IteratorYieldResult<ProjectResourceEnvironment>'.
          Type '[string, ProjectCustomBlockCatalogEntry]' is not assignable to type 'ProjectResourceEnvironment'.
src/features/workspace/store/projectStore.ts(480,9): error TS2353: Object literal may only specify known properties, and 'archivePath' does not exist in type 'ProjectCustomBlockManifestCatalogEntry'.
src/features/workspace/store/projectStore.ts(480,33): error TS2339: Property 'archivePath' does not exist on type 'ProjectCustomBlockManifestCatalogEntry'.
src/features/workspace/store/projectStore.ts(489,66): error TS2339: Property 'packageKey' does not exist on type '{ packageId: string; fontKey: string; source: string; reason: "load-failed"; }'.
src/features/workspace/store/projectStore.ts(493,10): error TS7006: Parameter 'total' implicitly has an 'any' type.
src/features/workspace/store/projectStore.ts(493,17): error TS7006: Parameter 'series' implicitly has an 'any' type.
src/features/workspace/store/projectStore.ts(511,53): error TS2339: Property 'archivePath' does not exist on type 'ProjectCustomBlockManifestCatalogEntry'.
src/features/workspace/store/projectStore.ts(552,37): error TS2339: Property 'customBlockKey' does not exist on type 'ProjectCustomBlockManifest'.
src/features/workspace/store/projectStore.ts(560,55): error TS2353: Object literal may only specify known properties, and 'archivePath' does not exist in type 'ProjectCustomBlockManifestCatalogEntry'.
src/features/workspace/store/projectStore.ts(830,45): error TS2339: Property 'archivePath' does not exist on type 'ProjectCustomBlockManifestCatalogEntry'.
src/features/workspace/store/projectStore.ts(839,37): error TS2339: Property 'customBlockKey' does not exist on type 'ProjectCustomBlockManifest'.
src/features/workspace/store/projectStore.ts(843,11): error TS2353: Object literal may only specify known properties, and 'archivePath' does not exist in type 'ProjectCustomBlockManifestCatalogEntry'.
src/features/workspace/store/projectStore.ts(1252,59): error TS2339: Property 'customBlockKey' does not exist on type 'ProjectCustomBlockManifest'.
src/features/workspace/store/projectStore.ts(1263,79): error TS2339: Property 'customBlockKey' does not exist on type 'ProjectCustomBlockManifest'.
src/features/workspace/store/projectStore.ts(1266,43): error TS2339: Property 'archivePath' does not exist on type 'ProjectCustomBlockManifestCatalogEntry'.
src/features/workspace/store/projectStore.ts(1267,36): error TS2339: Property 'archivePath' does not exist on type 'ProjectCustomBlockManifestCatalogEntry'.
src/shared/model/clipboard/ocClipboardService.ts(4,3): error TS6133: 'parseOcClipboardText' is declared but its value is never read.
src/shared/ui/rich-text/OcRichTextEditor.spec.ts(463,61): error TS2322: Type 'Map<string, { manifest: { type: "opencard-custom-block"; customBlockKey: string; name: string; publicFieldKeys: string[]; resize: { widthLocked: boolean; heightLocked: boolean; }; }; block: any; archivePath: string; files: Map<...>; }>' is not assignable to type 'ReadonlyMap<string, { readonly manifest: { readonly type: "opencard-custom-block"; readonly packageId: string; readonly version: string; readonly name: string; readonly description?: string | undefined; readonly publicFieldKeys: readonly string[]; readonly resize: { ...; }; }; ... 4 more ...; readonly hasResourceErr...'.
  Types of property 'forEach' are incompatible.
    Type '(callbackfn: (value: { manifest: { type: "opencard-custom-block"; customBlockKey: string; name: string; publicFieldKeys: string[]; resize: { widthLocked: boolean; heightLocked: boolean; }; }; block: any; archivePath: string; files: Map<...>; }, key: string, map: Map<...>) => void, thisArg?: any) => void' is not assignable to type '(callbackfn: (value: { readonly manifest: { readonly type: "opencard-custom-block"; readonly packageId: string; readonly version: string; readonly name: string; readonly description?: string | undefined; readonly publicFieldKeys: readonly string[]; readonly resize: { ...; }; }; ... 4 more ...; readonly hasResourceEr...'.
      Types of parameters 'callbackfn' and 'callbackfn' are incompatible.
        Types of parameters 'value' and 'value' are incompatible.
          Type '{ manifest: { type: "opencard-custom-block"; customBlockKey: string; name: string; publicFieldKeys: string[]; resize: { widthLocked: boolean; heightLocked: boolean; }; }; block: any; archivePath: string; files: Map<...>; }' is missing the following properties from type '{ readonly manifest: { readonly type: "opencard-custom-block"; readonly packageId: string; readonly version: string; readonly name: string; readonly description?: string | undefined; readonly publicFieldKeys: readonly string[]; readonly resize: { ...; }; }; ... 4 more ...; readonly hasResourceErrors?: boolean | unde...': installationPath, resourceRootPath
src/shared/ui/rich-text/OcRichTextEditor.spec.ts(463,70): error TS2322: Type 'Map<string, { manifest: { type: "opencard-custom-block"; customBlockKey: string; name: string; publicFieldKeys: string[]; resize: { widthLocked: boolean; heightLocked: boolean; }; }; archivePath: string; loadState: "ready"; }>' is not assignable to type 'ReadonlyMap<string, { readonly manifest: { readonly type: "opencard-custom-block"; readonly packageId: string; readonly version: string; readonly name: string; readonly description?: string | undefined; readonly publicFieldKeys: readonly string[]; readonly resize: { ...; }; }; ... 4 more ...; readonly unavailable?: ...'.
  Types of property 'forEach' are incompatible.
    Type '(callbackfn: (value: { manifest: { type: "opencard-custom-block"; customBlockKey: string; name: string; publicFieldKeys: string[]; resize: { widthLocked: boolean; heightLocked: boolean; }; }; archivePath: string; loadState: "ready"; }, key: string, map: Map<...>) => void, thisArg?: any) => void' is not assignable to type '(callbackfn: (value: { readonly manifest: { readonly type: "opencard-custom-block"; readonly packageId: string; readonly version: string; readonly name: string; readonly description?: string | undefined; readonly publicFieldKeys: readonly string[]; readonly resize: { ...; }; }; ... 4 more ...; readonly unavailable?:...'.
      Types of parameters 'callbackfn' and 'callbackfn' are incompatible.
        Types of parameters 'value' and 'value' are incompatible.
          Type '{ manifest: { type: "opencard-custom-block"; customBlockKey: string; name: string; publicFieldKeys: string[]; resize: { widthLocked: boolean; heightLocked: boolean; }; }; archivePath: string; loadState: "ready"; }' is missing the following properties from type '{ readonly manifest: { readonly type: "opencard-custom-block"; readonly packageId: string; readonly version: string; readonly name: string; readonly description?: string | undefined; readonly publicFieldKeys: readonly string[]; readonly resize: { ...; }; }; ... 4 more ...; readonly unavailable?: boolean | undefined; }': installationPath, resourceRootPath
src/shared/ui/rich-text/OcRichTextEditor.spec.ts(500,11): error TS2322: Type 'Map<string, { manifest: { type: "opencard-custom-block"; customBlockKey: string; name: string; publicFieldKeys: never[]; resize: { widthLocked: boolean; heightLocked: boolean; }; }; block: any; archivePath: string; files: Map<...>; }>' is not assignable to type 'ReadonlyMap<string, { readonly manifest: { readonly type: "opencard-custom-block"; readonly packageId: string; readonly version: string; readonly name: string; readonly description?: string | undefined; readonly publicFieldKeys: readonly string[]; readonly resize: { ...; }; }; ... 4 more ...; readonly hasResourceErr...'.
  Types of property 'forEach' are incompatible.
    Type '(callbackfn: (value: { manifest: { type: "opencard-custom-block"; customBlockKey: string; name: string; publicFieldKeys: never[]; resize: { widthLocked: boolean; heightLocked: boolean; }; }; block: any; archivePath: string; files: Map<...>; }, key: string, map: Map<...>) => void, thisArg?: any) => void' is not assignable to type '(callbackfn: (value: { readonly manifest: { readonly type: "opencard-custom-block"; readonly packageId: string; readonly version: string; readonly name: string; readonly description?: string | undefined; readonly publicFieldKeys: readonly string[]; readonly resize: { ...; }; }; ... 4 more ...; readonly hasResourceEr...'.
      Types of parameters 'callbackfn' and 'callbackfn' are incompatible.
        Types of parameters 'value' and 'value' are incompatible.
          Type '{ manifest: { type: "opencard-custom-block"; customBlockKey: string; name: string; publicFieldKeys: never[]; resize: { widthLocked: boolean; heightLocked: boolean; }; }; block: any; archivePath: string; files: Map<...>; }' is missing the following properties from type '{ readonly manifest: { readonly type: "opencard-custom-block"; readonly packageId: string; readonly version: string; readonly name: string; readonly description?: string | undefined; readonly publicFieldKeys: readonly string[]; readonly resize: { ...; }; }; ... 4 more ...; readonly hasResourceErrors?: boolean | unde...': installationPath, resourceRootPath
src/shared/ui/rich-text/OcRichTextEditor.spec.ts(501,11): error TS2322: Type 'Map<string, { manifest: { type: "opencard-custom-block"; customBlockKey: string; name: string; publicFieldKeys: never[]; resize: { widthLocked: boolean; heightLocked: boolean; }; }; archivePath: string; loadState: "unloaded"; }>' is not assignable to type 'ReadonlyMap<string, { readonly manifest: { readonly type: "opencard-custom-block"; readonly packageId: string; readonly version: string; readonly name: string; readonly description?: string | undefined; readonly publicFieldKeys: readonly string[]; readonly resize: { ...; }; }; ... 4 more ...; readonly unavailable?: ...'.
  Types of property 'forEach' are incompatible.
    Type '(callbackfn: (value: { manifest: { type: "opencard-custom-block"; customBlockKey: string; name: string; publicFieldKeys: never[]; resize: { widthLocked: boolean; heightLocked: boolean; }; }; archivePath: string; loadState: "unloaded"; }, key: string, map: Map<...>) => void, thisArg?: any) => void' is not assignable to type '(callbackfn: (value: { readonly manifest: { readonly type: "opencard-custom-block"; readonly packageId: string; readonly version: string; readonly name: string; readonly description?: string | undefined; readonly publicFieldKeys: readonly string[]; readonly resize: { ...; }; }; ... 4 more ...; readonly unavailable?:...'.
      Types of parameters 'callbackfn' and 'callbackfn' are incompatible.
        Types of parameters 'value' and 'value' are incompatible.
          Type '{ manifest: { type: "opencard-custom-block"; customBlockKey: string; name: string; publicFieldKeys: never[]; resize: { widthLocked: boolean; heightLocked: boolean; }; }; archivePath: string; loadState: "unloaded"; }' is missing the following properties from type '{ readonly manifest: { readonly type: "opencard-custom-block"; readonly packageId: string; readonly version: string; readonly name: string; readonly description?: string | undefined; readonly publicFieldKeys: readonly string[]; readonly resize: { ...; }; }; ... 4 more ...; readonly unavailable?: boolean | undefined; }': installationPath, resourceRootPath
src/shared/ui/rich-text/OcRichTextEditor.spec.ts(549,11): error TS2322: Type 'Map<string, { manifest: { type: "opencard-custom-block"; customBlockKey: string; name: string; publicFieldKeys: string[]; resize: { widthLocked: boolean; heightLocked: boolean; }; }; block: any; archivePath: string; files: Map<...>; }>' is not assignable to type 'ReadonlyMap<string, { readonly manifest: { readonly type: "opencard-custom-block"; readonly packageId: string; readonly version: string; readonly name: string; readonly description?: string | undefined; readonly publicFieldKeys: readonly string[]; readonly resize: { ...; }; }; ... 4 more ...; readonly hasResourceErr...'.
  Types of property 'forEach' are incompatible.
    Type '(callbackfn: (value: { manifest: { type: "opencard-custom-block"; customBlockKey: string; name: string; publicFieldKeys: string[]; resize: { widthLocked: boolean; heightLocked: boolean; }; }; block: any; archivePath: string; files: Map<...>; }, key: string, map: Map<...>) => void, thisArg?: any) => void' is not assignable to type '(callbackfn: (value: { readonly manifest: { readonly type: "opencard-custom-block"; readonly packageId: string; readonly version: string; readonly name: string; readonly description?: string | undefined; readonly publicFieldKeys: readonly string[]; readonly resize: { ...; }; }; ... 4 more ...; readonly hasResourceEr...'.
      Types of parameters 'callbackfn' and 'callbackfn' are incompatible.
        Types of parameters 'value' and 'value' are incompatible.
          Type '{ manifest: { type: "opencard-custom-block"; customBlockKey: string; name: string; publicFieldKeys: string[]; resize: { widthLocked: boolean; heightLocked: boolean; }; }; block: any; archivePath: string; files: Map<...>; }' is missing the following properties from type '{ readonly manifest: { readonly type: "opencard-custom-block"; readonly packageId: string; readonly version: string; readonly name: string; readonly description?: string | undefined; readonly publicFieldKeys: readonly string[]; readonly resize: { ...; }; }; ... 4 more ...; readonly hasResourceErrors?: boolean | unde...': installationPath, resourceRootPath
src/shared/ui/rich-text/OcRichTextEditor.spec.ts(550,11): error TS2322: Type 'Map<string, { manifest: { type: "opencard-custom-block"; customBlockKey: string; name: string; publicFieldKeys: string[]; resize: { widthLocked: boolean; heightLocked: boolean; }; }; archivePath: string; loadState: "ready"; }>' is not assignable to type 'ReadonlyMap<string, { readonly manifest: { readonly type: "opencard-custom-block"; readonly packageId: string; readonly version: string; readonly name: string; readonly description?: string | undefined; readonly publicFieldKeys: readonly string[]; readonly resize: { ...; }; }; ... 4 more ...; readonly unavailable?: ...'.
  Types of property 'forEach' are incompatible.
    Type '(callbackfn: (value: { manifest: { type: "opencard-custom-block"; customBlockKey: string; name: string; publicFieldKeys: string[]; resize: { widthLocked: boolean; heightLocked: boolean; }; }; archivePath: string; loadState: "ready"; }, key: string, map: Map<...>) => void, thisArg?: any) => void' is not assignable to type '(callbackfn: (value: { readonly manifest: { readonly type: "opencard-custom-block"; readonly packageId: string; readonly version: string; readonly name: string; readonly description?: string | undefined; readonly publicFieldKeys: readonly string[]; readonly resize: { ...; }; }; ... 4 more ...; readonly unavailable?:...'.
      Types of parameters 'callbackfn' and 'callbackfn' are incompatible.
        Types of parameters 'value' and 'value' are incompatible.
          Type '{ manifest: { type: "opencard-custom-block"; customBlockKey: string; name: string; publicFieldKeys: string[]; resize: { widthLocked: boolean; heightLocked: boolean; }; }; archivePath: string; loadState: "ready"; }' is missing the following properties from type '{ readonly manifest: { readonly type: "opencard-custom-block"; readonly packageId: string; readonly version: string; readonly name: string; readonly description?: string | undefined; readonly publicFieldKeys: readonly string[]; readonly resize: { ...; }; }; ... 4 more ...; readonly unavailable?: boolean | undefined; }': installationPath, resourceRootPath
src/shared/ui/rich-text/OcRichTextEditor.vue(439,40): error TS2339: Property 'customBlockKey' does not exist on type '{ readonly type: "opencard-custom-block"; readonly packageId: string; readonly version: string; readonly name: string; readonly description?: string | undefined; readonly publicFieldKeys: readonly string[]; readonly resize: { ...; }; }'.
src/shared/ui/rich-text/OcRichTextEditor.vue(441,61): error TS2339: Property 'customBlockKey' does not exist on type '{ readonly type: "opencard-custom-block"; readonly packageId: string; readonly version: string; readonly name: string; readonly description?: string | undefined; readonly publicFieldKeys: readonly string[]; readonly resize: { ...; }; }'.
src/shared/ui/rich-text/OcRichTextEditor.vue(442,57): error TS2339: Property 'customBlockKey' does not exist on type '{ readonly type: "opencard-custom-block"; readonly packageId: string; readonly version: string; readonly name: string; readonly description?: string | undefined; readonly publicFieldKeys: readonly string[]; readonly resize: { ...; }; }'.
src/shared/ui/rich-text/RichTextPreview.vue(31,77): error TS2339: Property 'customBlockKey' does not exist on type 'RichTextCustomBlockNode'.
